boro,block,lot,bin,address_string
1,00001,0010,1086268,920 GOVERNORS ISLAND::920 GRESHAM ROAD::HALF MOON ROAD
1,00001,0010,1086270,929 CRAIG ROAD SOUTH::929 GOVERNORS ISLAND::GRESHAM ROAD
1,00001,0010,1086271,928 CRAIG ROAD SOUTH::928 GOVERNORS ISLAND::GRESHAM ROAD
1,00001,0010,1086276,932 CRAIG ROAD SOUTH::932 GOVERNORS ISLAND::513A WHEELER AVENUE
1,00001,0010,1086277,933 CRAIG ROAD SOUTH::933 GOVERNORS ISLAND
1,00001,0010,1086279,"903,903A - 903B CRAIG ROAD SOUTH::903,903A - 903B GOVERNORS ISLAND"
1,00001,0010,1086280,904 CRAIG ROAD SOUTH::904 GOVERNORS ISLAND
1,00001,0010,1086281,902 CRAIG ROAD SOUTH::902 GOVERNORS ISLAND::HALF MOON ROAD
1,00001,0010,1086282,915 CRAIG ROAD SOUTH::915 GOVERNORS ISLAND
1,00001,0010,1086283,908 CRAIG ROAD SOUTH::908 GOVERNORS ISLAND::HALF MOON ROAD
1,00001,0010,1086284,910 CRAIG ROAD SOUTH::910 GOVERNORS ISLAND::HALF MOON ROAD
1,00001,0010,1086286,931 CRAIG ROAD SOUTH::931 GOVERNORS ISLAND
1,00001,0010,1086288,691 GOVERNORS ISLAND::691 HALF MOON ROAD::CRAIG ROAD SOUTH
1,00001,0010,1086289,690 GOVERNORS ISLAND::690 HALF MOON ROAD
1,00001,0010,1086290,699 GOVERNORS ISLAND::699 HALF MOON ROAD::ENRIGHT ROAD
1,00001,0010,1086291,680 CRAIG ROAD SOUTH::680 GOVERNORS ISLAND::ENRIGHT ROAD::ICARUS ROAD::YEATON ROAD
1,00001,0010,1086292,660 CRAIG ROAD SOUTH::660 GOVERNORS ISLAND::ENRIGHT ROAD::ICARUS ROAD
1,00001,0010,1086293,662 CRAIG ROAD SOUTH::662 GOVERNORS ISLAND::ICARUS ROAD
1,00001,0010,1086294,658 CRAIG ROAD SOUTH::658 GOVERNORS ISLAND::ENRIGHT ROAD
1,00001,0010,1086295,656 CRAIG ROAD SOUTH::656 GOVERNORS ISLAND::ENRIGHT ROAD
1,00001,0010,1086296,654 CRAIG ROAD SOUTH::654 GOVERNORS ISLAND::ENRIGHT ROAD
1,00001,0010,1086297,652 CRAIG ROAD SOUTH::652 GOVERNORS ISLAND::ENRIGHT ROAD
1,00001,0010,1086298,632 CRAIG ROAD SOUTH::632 GOVERNORS ISLAND::ICARUS ROAD
1,00001,0010,1086299,634 CRAIG ROAD SOUTH::634 GOVERNORS ISLAND::513D WHEELER AVENUE::ICARUS ROAD
1,00001,0010,1086313,636 CRAIG ROAD SOUTH::636 GOVERNORS ISLAND
1,00001,0010,1086314,638 CRAIG ROAD SOUTH::638 GOVERNORS ISLAND
1,00001,0010,1086315,640 CRAIG ROAD SOUTH::640 GOVERNORS ISLAND
1,00001,0010,1086316,642 CRAIG ROAD SOUTH::642 GOVERNORS ISLAND
1,00001,0010,1086317,650 CRAIG ROAD SOUTH::650 GOVERNORS ISLAND::ENRIGHT ROAD
1,00001,0010,1086318,648 CRAIG ROAD SOUTH::648 GOVERNORS ISLAND::ENRIGHT ROAD
1,00001,0010,1086319,646 CRAIG ROAD SOUTH::646 GOVERNORS ISLAND::DIVISION ROAD
1,00001,0010,1086320,644 CRAIG ROAD SOUTH::644 GOVERNORS ISLAND::DIVISION ROAD
1,00001,0010,1086321,606 - 608 CRAIG ROAD SOUTH::606 - 608 GOVERNORS ISLAND::DIVISION ROAD
1,00001,0010,1086323,(GRESHAM ROAD)
1,00001,0010,1086324,(GRESHAM ROAD)
1,00001,0010,1086325,797 ENRIGHT ROAD::797 GOVERNORS ISLAND::HALF MOON ROAD
1,00001,0010,1086331,"111,111A - 111D ANDES ROAD::111 GOVERNORS ISLAND::CARDER ROAD::GOVERNORS ISLAND"
1,00001,0010,1086337,630 CRAIG ROAD SOUTH::630 GOVERNORS ISLAND
1,00001,0010,1086338,825 GRESHAM ROAD::ABSECON ROAD::GOVERNORS ISLAND
1,00001,0010,1086339,"555,555A GOVERNORS ISLAND::555,555A - 555C SHORT AVENUE::CLAYTON ROAD::CRAIG ROAD NORTH::DIVISION ROAD"
1,00001,0010,1086340,550 GOVERNORS ISLAND::550 SHORT AVENUE::CLAYTON ROAD::DIVISION ROAD::WHEELER AVENUE
1,00001,0010,1086341,"400,400A - 400O CLAYTON ROAD::400,400A - 400L GOVERNORS ISLAND::DIVISION ROAD::EARLYBIRD ROAD::KING AVENUE::WHEELER AVENUE"
1,00001,0010,1086342,333 GOVERNORS ISLAND::333 OWASCO ROAD::CLAYTON ROAD::DIVISION ROAD::KING AVENUE
1,00001,0010,1086343,324 CARTIGAN ROAD::324 GOVERNORS ISLAND::324 OWASCO ROAD::CLAYTON ROAD
1,00001,0010,1086344,330 CARTIGAN ROAD::330 GOVERNORS ISLAND::DIVISION ROAD::OWASCO ROAD
1,00001,0010,1086345,"315,315A - 315C CARTIGAN ROAD::315,315A GOVERNORS ISLAND::CLAYTON ROAD::CRAIG ROAD SOUTH::DIVISION ROAD"
1,00001,0010,1086347,309 CLAYTON ROAD::309 GOVERNORS ISLAND::COMFORT ROAD
1,00001,0010,1086348,(COMFORT ROAD)
1,00001,0010,1086349,301 COMFORT ROAD::301 GOVERNORS ISLAND::CLAYTON ROAD::KIMMEL ROAD
1,00001,0010,1086350,"12,12C - 12R BARRY ROAD::12 GOVERNORS ISLAND::GOVERNORS ISLAND::KIMMEL ROAD"
1,00001,0010,1086351,40 BARRY ROAD::40 GOVERNORS ISLAND
1,00001,0010,1086352,"39,39A,39B BARRY ROAD::39 GOVERNORS ISLAND"
1,00001,0010,1086353,38 BARRY ROAD::38 GOVERNORS ISLAND::BARRY ROAD
1,00001,0010,1086354,35 BARRY ROAD::35 GOVERNORS ISLAND
1,00001,0010,1086355,92 ANDES ROAD::92 BARRY ROAD::92 GOVERNORS ISLAND::KIMMEL ROAD
1,00001,0010,1086356,85 GOVERNORS ISLAND::KIMMEL ROAD
1,00001,0010,1086357,96 ANDES ROAD::96 GOVERNORS ISLAND::KIMMEL ROAD
1,00001,0010,1086358,403 COMFORT ROAD::403 GOVERNORS ISLAND
1,00001,0010,1086360,"404A - 404D COMFORT ROAD::404,404A - 404D GOVERNORS ISLAND"
1,00001,0010,1086361,"405A,405B COMFORT ROAD::405,405A,405B GOVERNORS ISLAND"
1,00001,0010,1086362,"406A - 406B COMFORT ROAD::406,406A - 406B GOVERNORS ISLAND"
1,00001,0010,1086363,"407A - 407B COMFORT ROAD::407,407A - 407B GOVERNORS ISLAND"
1,00001,0010,1086365,"408A - 408B COMFORT ROAD::408,408A - 408B GOVERNORS ISLAND"
1,00001,0010,1086366,409 COMFORT ROAD::409 GOVERNORS ISLAND
1,00001,0010,1086367,"410A - 410B COMFORT ROAD::410,410A GOVERNORS ISLAND"
1,00001,0010,1086368,298 BARRY ROAD::298 GOVERNORS ISLAND::COMFORT ROAD::EVANS ROAD
1,00001,0010,1086369,13 BARRY ROAD::13 GOVERNORS ISLAND
1,00001,0010,1086371,14 EVANS ROAD::14 GOVERNORS ISLAND
1,00001,0010,1086372,15 EVANS ROAD::15 GOVERNORS ISLAND
1,00001,0010,1086373,16 EVANS ROAD::16 GOVERNORS ISLAND
1,00001,0010,1086374,17 EVANS ROAD::17 GOVERNORS ISLAND
1,00001,0010,1086375,18 EVANS ROAD::18 GOVERNORS ISLAND
1,00001,0010,1086376,"19 EVANS ROAD::19,19A - 19B GOVERNORS ISLAND"
1,00001,0010,1086377,"20,20A - 20B EVANS ROAD::20,20A GOVERNORS ISLAND"
1,00001,0010,1086379,11 BARRY ROAD::11 GOVERNORS ISLAND
1,00001,0010,1086380,"10A,10B BARRY ROAD::10,10A,10B GOVERNORS ISLAND"
1,00001,0010,1086381,9 BARRY ROAD::9 GOVERNORS ISLAND
1,00001,0010,1086382,"8A - 8B BARRY ROAD::8,8A - 8B GOVERNORS ISLAND"
1,00001,0010,1086383,"7A - 7B BARRY ROAD::7,7A - 7B GOVERNORS ISLAND"
1,00001,0010,1086384,"6A - 6B BARRY ROAD::6,6A - 6D GOVERNORS ISLAND"
1,00001,0010,1086385,"5A - 5B BARRY ROAD::5,5A - 5B GOVERNORS ISLAND"
1,00001,0010,1086386,"4A,4B BARRY ROAD::4,4A,4B GOVERNORS ISLAND"
1,00001,0010,1086387,"3A - 3B BARRY ROAD::3,3A - 3B GOVERNORS ISLAND"
1,00001,0010,1086388,2 BARRY ROAD::2 GOVERNORS ISLAND
1,00001,0010,1086389,1 BARRY ROAD::1 GOVERNORS ISLAND
1,00001,0010,1086390,33 BARRY ROAD::33 GOVERNORS ISLAND
1,00001,0010,1086391,45 (BARRY ROAD)
1,00001,0010,1086392,46 (BARRY ROAD)
1,00001,0010,1086393,251 GOVERNORS ISLAND::251 TAMPA ROAD::ANDES ROAD
1,00001,0010,1086394,201 GOVERNORS ISLAND::ANDES ROAD
1,00001,0010,1086395,202 GOVERNORS ISLAND::ANDES ROAD
1,00001,0010,1086396,203 GOVERNORS ISLAND::ANDES ROAD
1,00001,0010,1086397,204 GOVERNORS ISLAND::ANDES ROAD
1,00001,0010,1086398,205 GOVERNORS ISLAND::COMFORT ROAD
1,00001,0010,1086399,206 GOVERNORS ISLAND::COMFORT ROAD
1,00001,0010,1086400,207 GOVERNORS ISLAND::COMFORT ROAD
1,00001,0010,1086401,208 ANDES ROAD::208 GOVERNORS ISLAND
1,00001,0010,1086402,209 GOVERNORS ISLAND::COMFORT ROAD
1,00001,0010,1086403,210 GOVERNORS ISLAND::COMFORT ROAD
1,00001,0010,1086404,211 GOVERNORS ISLAND::TAMPA ROAD
1,00001,0010,1086405,212 GOVERNORS ISLAND::TAMPA ROAD
1,00001,0010,1086406,213 GOVERNORS ISLAND::TAMPA ROAD
1,00001,0010,1086407,214 ANDES ROAD::214 GOVERNORS ISLAND::ANDES ROAD
1,00001,0010,1086408,217 GOVERNORS ISLAND::ANDES ROAD
1,00001,0010,1086409,218 GOVERNORS ISLAND::ANDES ROAD
1,00001,0010,1086410,25 ANDES ROAD::25 GOVERNORS ISLAND
1,00001,0010,1086411,"135,135A - 135C CARDER ROAD::135,135A - 135C GOVERNORS ISLAND"
1,00001,0010,1086412,104 ANDES ROAD::104 GOVERNORS ISLAND::BARRY ROAD
1,00001,0010,1086413,105 ANDES ROAD::105 GOVERNORS ISLAND
1,00001,0010,1086414,106 ANDES ROAD::106 GOVERNORS ISLAND
1,00001,0010,1086415,107 ANDES ROAD::107 GOVERNORS ISLAND
1,00001,0010,1086416,108 ANDES ROAD::108 GOVERNORS ISLAND::CARDER ROAD
1,00001,0010,1086417,109 ANDES ROAD::109 GOVERNORS ISLAND::CARDER ROAD::FERRY LINE ROAD
1,00001,0010,1086418,125 CARDER ROAD::125 GOVERNORS ISLAND::BARRY ROAD
1,00001,0010,1086419,140 CARDER ROAD::140 GOVERNORS ISLAND::FERRY LINE ROAD
1,00001,0010,1086421,517 CLAYTON ROAD::517 GOVERNORS ISLAND::WHEELER AVENUE
1,00001,0010,1086422,519 CLAYTON ROAD::519 GOVERNORS ISLAND
1,00001,0010,1086423,515 GOVERNORS ISLAND::515 WHEELER AVENUE::CLAYTON ROAD::CRAIG ROAD NORTH
1,00001,0010,1086424,513A GOVERNORS ISLAND::513A HAY ROAD::CRAIG ROAD NORTH
1,00001,0010,1086425,513B GOVERNORS ISLAND::513B HAY ROAD::CRAIG ROAD NORTH
1,00001,0010,1086426,513C GOVERNORS ISLAND::513C HAY ROAD::CRAIG ROAD NORTH
1,00001,0010,1086427,513D GOVERNORS ISLAND::513D HAY ROAD::CRAIG ROAD NORTH
1,00001,0010,1086428,501 GOVERNORS ISLAND::501 HAY ROAD::CASTLE WILLIAMS::CRAIG ROAD NORTH
1,00001,0010,1086429,114 ANDES ROAD::114 GOVERNORS ISLAND::CARDER ROAD
1,00001,0010,1086430,"112,112A,112B ANDES ROAD::112 GOVERNORS ISLAND::CARDER ROAD::GOVERNORS ISLAND"
1,00001,0010,1086432,110 ANDES ROAD::110 GOVERNORS ISLAND::FERRY LINE ROAD
1,00001,0010,1086433,518 CLAYTON ROAD::518 GOVERNORS ISLAND::CRAIG ROAD NORTH
1,00001,0010,1086434,525 CRAIG ROAD NORTH::CLAYTON ROAD
1,00001,0010,1086435,"134 CARDER ROAD::134,525 GOVERNORS ISLAND::FERRY LINE ROAD"
1,00001,0010,1086436,130 CARDER ROAD::130 GOVERNORS ISLAND::FERRY LINE ROAD
1,00001,0010,1087619,215 (GOVERNORS ISLAND)
1,00001,0010,1088349,101 GOVERNORS ISLAND::PIER  101 GOVERNORS ISLAND
1,00001,0010,1088350,102 GOVERNORS ISLAND::PIER  102 GOVERNORS ISLAND
1,00001,0010,1088351,133 GOVERNORS ISLAND::PIER  133 GOVERNORS ISLAND
1,00001,0010,1088353,144 GOVERNORS ISLAND::SOISSONS DOCK WEST
1,00001,0010,1088359,629 GOVERNORS ISLAND::TANGO PIER GOVERNORS ISLAND
1,00001,0010,1088363,900 GOVERNORS ISLAND::PIER  900 GOVERNORS ISLAND
1,00001,0010,1088364,901 GOVERNORS ISLAND::PIER  901 GOVERNORS ISLAND
1,00001,0010,1088365,142 (GOVERNORS ISLAND)
1,00001,0010,1088366,39C BARRY ROAD::39C GOVERNORS ISLAND
1,00001,0010,1089249,(HUGH CAREY TNNL VENTILATOR BLDG)
1,00001,0010,1089250,(FERRY LINE ROAD)
1,00001,0010,1089251,(FERRY LINE ROAD)
1,00001,0010,1089604,404 GARAGE (COMFORT ROAD)
1,00001,0010,1089605,404 REAR (COMFORT ROAD)
1,00001,0010,1089621,(ANDES ROAD)
1,00001,0010,1089998,(BARRY ROAD)
1,00001,0101,1000002,(STATUE OF LIBERTY)
1,00001,0101,1087222,(UNNAMED STREET)
1,00001,0101,1087223,(UNNAMED STREET)
1,00001,0101,1087224,(UNNAMED STREET)
1,00001,0101,1087226,(UNNAMED STREET)
1,00001,0101,1087227,(UNNAMED STREET)
1,00001,0101,1087229,(UNNAMED STREET)
1,00001,0101,1087230,(UNNAMED STREET)
1,00001,0101,1090092,(LIBERTY ISLAND)
1,00001,0101,1090850,(STATUE OF LIBERTY MUSEUM)
1,00001,0201,1085964,(ELLIS ISLAND MAIN BUILDING)
1,00001,0201,1089253,(ELLIS ISLAND)
1,00001,0201,1089254,(ELLIS ISLAND GREEN HOUSE)
1,00001,0201,1089256,(ELLIS ISLAND OIL STORAGE)
1,00001,0201,1089257,(ELLIS ISLAND RECREATION SHELTER)
1,00001,0201,1089258,(ELLIS ISL HOSP WARDS   27 &   28)
1,00001,0201,1090052,(ELLIS ISLAND HOSPITAL EXTENSION)
1,00001,0201,1090368,(ELLIS ISLAND HOSPITAL MAIN BLDG)
1,00001,0201,1090369,(ELLIS ISLAND HOSPITAL WALKWAY)
1,00001,0201,1090370,(ELLIS ISLAND HOSPITAL STAFF HSE)
1,00001,0201,1090371,(ELLIS ISL HOSP WARDS   31 &   32)
1,00001,0201,1090372,(ELLIS ISL HOSP WARDS   29 &   30)
1,00001,0201,1090373,(ELLIS ISLAND HOSP WARDS 11-26)
1,00002,0001,1085792,4 (SOUTH STREET)
1,00002,0001,1088310,(SOUTH STREET)
1,00002,0002,1000003,10 SOUTH STREET::BATTERY MARITIME BUILDING
1,00002,0003,1089745,(SOUTH STREET)
1,00002,0023,1075697,6 EAST RIVER PIERS::20 SOUTH STREET::PIER    6
1,00003,0001,1077335,10 BATTERY PLACE::CASTLE CLINTON::SOUTH STREET::STATE STREET
1,00003,0001,1088311,(SOUTH STREET)
1,00003,0001,1088312,(BATTERY PLACE)
1,00003,0001,1088313,(SOUTH STREET)
1,00003,0001,1088314,(STATE STREET)
1,00003,0001,1089252,(SOUTH STREET)
1,00003,0002,1089607,(PETER MINUIT PLACE)
1,00003,0002,1089623,1 (PETER MINUIT PLACE)
1,00003,0002,1089984,(PETER MINUIT PLACE)
1,00003,0003,1085598,STATE STREET::WHITEHALL STREET
1,00003,0003,1089985,SOUTH STREET::WHITEHALL STREET
1,00003,0003,1090057,PETER MINUIT PLAZA::WHITEHALL STREET
1,00003,0010,1000004,1 SOUTH STREET::US COAST GUARD MANHATTAN STATION
1,00003,0010,1086582,(SOUTH STREET)
1,00004,1001,1000005,"114 - 142 BROAD STREET::1 NEW YORK PLAZA::13 SOUTH STREET::1 - 21 WATER STREET::49 - 63,54 - 64 WHITEHALL STREET"
1,00005,0010,1000007,107 - 115 BROAD STREET::4 NEW YORK PLAZA::23 - 41 WATER STREET
1,00005,1001,1000006,"2 AMERICAN EXPRESS PLAZA::117 - 125 BROAD STREET::2 NEW YORK PLAZA::15,22 SOUTH STREET"
1,00007,0027,1000008,30 (WATER STREET)
1,00007,0028,1000009,28 (WATER STREET)
1,00007,0029,1000010,26 (WATER STREET)
1,00007,0030,1000011,24 (WATER STREET)
1,00007,0031,1000012,105 BROAD STREET::22 WATER STREET
1,00007,0033,1086063,101 - 103 (BROAD STREET)
1,00007,0035,1078965,54 PEARL STREET::BROAD STREET
1,00007,0037,1000013,58 (PEARL STREET)
1,00007,0038,1000014,60 (PEARL STREET)
1,00007,1001,1077806,1 - 5 COENTIES SLIP::64 - 66 PEARL STREET::34 - 38 WATER STREET
1,00007,1101,1087449,62 PEARL STREET::32 WATER STREET
1,00008,0039,1078968,1 MOORE STREET::32 - 36 PEARL STREET
1,00008,0044,1000016,102 - 108 BROAD STREET::38 - 50 PEARL STREET::14 - 18 WATER STREET
1,00008,0051,1090472,3 - 7 MOORE STREET::6 - 10 WATER STREET
1,00008,1001,1087700,3 NEW YORK PLAZA::26 - 30 PEARL STREET::2 - 4 WATER STREET::39 - 41 WHITEHALL STREET::MOORE STREET
1,00009,0001,1000018,18 - 22 PEARL STREET::1 STATE STREET::1 STATE STREET PLAZA::34 - 50 WHITEHALL STREET
1,00009,0007,1000019,"7,8 (STATE STREET)"
1,00009,0014,1000020,2 PEARL STREET::9 - 19 STATE STREET::NEW YORK UNEARTHED
1,00009,0029,1000021,"1,17 BATTERY PARK PLAZA::2 - 12 BRIDGE STREET::1 PEARL STREET::24 STATE STREET::22 - 32 WHITEHALL STREET"
1,00010,0001,1000022,26 - 34 BRIDGE STREET::100 BROAD STREET::37 - 49 PEARL STREET
1,00010,0014,1000023,20 - 24 BRIDGE STREET::27 - 29 PEARL STREET::29 - 37 WHITEHALL STREET
1,00010,0015,1000024,16 - 18 BRIDGE STREET::27 WHITEHALL STREET
1,00010,0016,1000025,31 - 33 BRIDGE STREET::90 - 98 BROAD STREET::14 - 22 STONE STREET
1,00010,0019,1000026,25 (BRIDGE STREET)
1,00010,0023,1000027,13 - 23 BRIDGE STREET::2 - 4 STONE STREET::1 - 25 WHITEHALL STREET
1,00010,0032,1000028,6 (STONE STREET)
1,00010,0033,1087618,27 - 29 BRIDGE STREET::8 - 12 STONE STREET
1,00011,0001,1000029,2 - 12 BEAVER STREET::76 BROAD STREET::2 - 8 BROADWAY::10 MARKETFIELD STREET::1 - 9 STONE STREET::NEW STREET
1,00011,0007,1000030,16 BEAVER STREET::MARKETFIELD STREET::NEW STREET
1,00011,0009,1000031,18 BEAVER STREET::MARKETFIELD STREET
1,00011,0010,1000032,20 BEAVER STREET::MARKETFIELD STREET
1,00011,0011,1000034,22 BEAVER STREET::MARKETFIELD STREET
1,00011,0012,1000035,24 BEAVER STREET::MARKETFIELD STREET
1,00011,0014,1085816,26 - 28 (BEAVER STREET)
1,00011,0015,1000036,30 BEAVER STREET::70 - 72 BROAD STREET::1 MARKETFIELD STREET
1,00011,0017,1000037,74 BROAD STREET::2 - 8 MARKETFIELD STREET
1,00011,0021,1000038,78 - 86 (BROAD STREET)
1,00011,0026,1000039,88 BROAD STREET::17 - 19 STONE STREET
1,00011,0029,1000041,11 - 13 (STONE STREET)
1,00011,1001,1000040,15 (STONE STREET)
1,00012,0001,1000042,1 BOWLING GREEN::1 - 11 BRIDGE STREET::2 WHITEHALL STREET::MUSEUM OF THE AMERICAN INDIAN::STATE STREET::US CUSTOM HOUSE
1,00013,0001,1000043,1 BATTERY PLACE::1 BROADWAY::1 - 3 GREENWICH STREET
1,00013,0005,1000044,5 - 11 BROADWAY::5 - 11 GREENWICH STREET::THE LANG SCHOOL
1,00013,0027,1000045,13 - 27 BROADWAY::13 - 39 GREENWICH STREET::1 - 9 MORRIS STREET
1,00015,0022,1000047,11 - 21 MORRIS STREET::34 - 38 WASHINGTON STREET::21 - 23 WEST STREET
1,00015,1001,1082634,17 BATTERY PLACE::1 - 17 WEST STREET
1,00015,1001,1087080,2 - 26 WASHINGTON STREET::1 WESTERN UNION INTERNATIONAL PLZ
1,00015,1101,1087243,"28 - 32 WASHINGTON STREET::18 - 20,19 WEST STREET"
1,00016,0001,1085492,22 BATTERY PLACE::245 - 331 SOUTH END AVENUE::MARGINAL STREET::PIER A
1,00016,0003,1084397,20 BATTERY PLACE::WEST STREET
1,00016,0003,1088315,(BATTERY PLACE)
1,00016,0003,1088316,201 MURRAY STREET::RIVER TERRACE
1,00016,0003,1089611,(WARREN STREET)
1,00016,0003,1089612,(PARK PLACE WEST)
1,00016,0003,1089613,(WARREN STREET)
1,00016,0003,1089624,(WARREN STREET)
1,00016,0003,1090000,NORTH END AVENUE::WARREN STREET
1,00016,0003,1090001,NORTH END AVENUE::WARREN STREET
1,00016,0003,1795028,(WORLD FINANCIAL CENTER SKYWAY)
1,00016,0010,1084594,16 - 40 1 PLACE::36 BATTERY PLACE::HOLOCAUST MEMORIAL
1,00016,0015,1085938,50 BATTERY PLACE::1 PLACE::2 PLACE
1,00016,0020,1085778,70 BATTERY PLACE::2 PLACE::3 PLACE
1,00016,0040,1087945,55 BATTERY PLACE::1 PLACE::2 PLACE::PS   94
1,00016,0100,1083373,355 (SOUTH END AVENUE)
1,00016,0100,1083374,365 (SOUTH END AVENUE)
1,00016,0100,1083375,375 (SOUTH END AVENUE)
1,00016,0100,1083376,"385,389 (SOUTH END AVENUE)"
1,00016,0100,1083377,"395,397 (SOUTH END AVENUE)"
1,00016,0100,1083378,345 (SOUTH END AVENUE)
1,00016,0120,1000057,200 LIBERTY STREET::1 WORLD FINANCIAL CENTER::MARGINAL STREET::SOUTH END AVENUE
1,00016,0125,1000058,225 LIBERTY STREET::120 WEST STREET::2 WORLD FINANCIAL CENTER::MARGINAL STREET
1,00016,0125,1087217,100 WEST STREET::WINTER GARDEN
1,00016,0140,1000059,200 - 220 VESEY STREET::3 WORLD FINANCIAL CENTER::MARGINAL STREET
1,00016,0150,1000060,"230,250 VESEY STREET::4 WORLD FINANCIAL CENTER::NORTH END AVENUE"
1,00016,0180,1086174,20 RIVER TERRACE::MURRAY STREET::PARK PLACE WEST
1,00016,0185,1086547,211 NORTH END AVENUE::MURRAY STREET::PARK PLACE WEST
1,00016,0205,1085815,455 NORTH END AVENUE::CHAMBERS STREET::WARREN STREET
1,00016,0210,1085486,399 CHAMBERS STREET::41 RIVER TERRACE
1,00016,0215,1084587,301 - 345 CHAMBERS STREET::STUYVESANT HS
1,00016,0220,1085568,201 WARREN STREET::CHAMBERS STREET::WEST STREET
1,00016,0221,1085459,450 NORTH END AVENUE::CHAMBERS STREET::WARREN STREET
1,00016,0225,1085502,1 NORTH END AVENUE::300 VESEY STREET::NY MERCANTILE EXCHANGE
1,00016,0260,1087239,"200 - 250 MURRAY STREET::210,220,230,240 NORTH END WAY::200,210,220,240 WEST STREET::VESEY STREET"
1,00016,1001,1000061,375 - 377 (RECTOR PLACE)
1,00016,1301,1085867,215 - 255 MURRAY STREET::102 - 104 NORTH END AVENUE::251 - 271 VESEY STREET::EMBASSY SUITES HOTEL::NORTH END WAY::REGAL CINEMA BATTERY PARK CITY
1,00016,1401,1087238,30 LITTLE WEST STREET::30 - 38 WEST STREET::1 PLACE::2 PLACE
1,00016,1701,1087842,71 - 77 BATTERY PLACE::70 LITTLE WEST STREET::2 PLACE::3 PLACE
1,00016,2001,1000301,320 - 350 (ALBANY STREET)
1,00016,2200,1065089,250 SOUTH END AVENUE::ALBANY STREET
1,00016,2401,1000436,300 ALBANY STREET::SOUTH END AVENUE
1,00016,2601,1000544,376 - 380 RECTOR PLACE::WEST THAMES STREET
1,00016,3001,1065199,280 RECTOR PLACE::295 WEST THAMES STREET::SOUTH END AVENUE
1,00016,3201,1000053,225 - 265 RECTOR PLACE::210 SOUTH END AVENUE::ALBANY STREET
1,00016,3602,1087518,300 MURRAY STREET::175 NORTH END AVENUE::2 - 10 RIVER TERRACE
1,00016,4001,1065321,300 RECTOR PLACE::SOUTH END AVENUE::WEST THAMES STREET
1,00016,4201,1087848,300 NORTH END AVENUE::WARREN STREET
1,00016,4301,1085929,22 RIVER TERRACE::212 WARREN STREET::PARK PLACE WEST
1,00016,4601,1087847,"200,212 (NORTH END AVENUE)"
1,00016,5001,1065475,200 RECTOR PLACE::WEST THAMES STREET
1,00016,5601,1000055,"303 - 333 RECTOR PLACE::213 - 215,225,235 SOUTH END AVENUE"
1,00016,6001,1075698,1 - 71 SOUTH END AVENUE::300 - 390 WEST THAMES STREET
1,00016,6301,1085774,400 CHAMBERS STREET::34 RIVER TERRACE::WARREN STREET
1,00016,6301,1088317,(WARREN STREET)
1,00016,6401,1086507,315 - 325 NORTH END AVENUE::PARK PLACE WEST::WARREN STREET
1,00016,7001,1080815,99 - 101 BATTERY PLACE::3 PLACE::WEST THAMES STREET
1,00016,8001,1082813,2 SOUTH END AVENUE::BATTERY PLACE::WEST THAMES STREET
1,00016,9001,1085789,"25 - 39 BATTERY PLACE::10 LITTLE WEST STREET::10,2 WEST STREET::1 PLACE"
1,00016,9220,1089767,450 AIR RGTS (NORTH END AVENUE)
1,00017,0029,1000793,23 - 31 RECTOR STREET::82 - 92 WASHINGTON STREET::52 - 54 WEST STREET
1,00017,0045,1088913,25 (WEST STREET)
1,00017,1101,1000792,33 RECTOR STREET::56 WEST STREET
1,00017,1201,1090192,50 (WEST STREET)
1,00018,0100,1078977,56 - 80 GREENWICH STREET::81 - 85 WASHINGTON STREET::JOSEPH P WARD STREET::MORRIS STREET
1,00018,0100,1085946,2 GREENWICH STREET::1 WASHINGTON STREET::BATTERY PLACE::HUGH L CAREY TUNNEL BLOWER BLDG
1,00018,0100,1797021,(HUGH L CAREY TUNNEL)
1,00018,1001,1000794,82 - 92 GREENWICH STREET::13 - 21 RECTOR STREET::87 - 97 WASHINGTON STREET
1,00019,0008,1000795,2 - 10 EDGAR STREET::65 GREENWICH STREET
1,00019,0013,1000797,69 - 79 GREENWICH STREET::32 - 42 TRINITY PLACE
1,00019,0018,1000798,81 GREENWICH STREET::44 TRINITY PLACE
1,00019,0019,1000799,83 - 85 GREENWICH STREET::46 - 48 TRINITY PLACE
1,00019,0021,1000800,87 - 89 GREENWICH STREET::11 RECTOR STREET
1,00019,0024,1000801,5 - 9 RECTOR STREET::50 - 52 TRINITY PLACE
1,00020,0001,1000802,29 - 33 BROADWAY::2 - 6 MORRIS STREET::1 - 9 TRINITY PLACE
1,00020,0004,1000803,35 - 39 BROADWAY::11 - 15 TRINITY PLACE
1,00020,0009,1000804,41 - 45 BROADWAY::45 BROADWAY ATRIUM::17 - 21 TRINITY PLACE
1,00020,0012,1000805,47 BROADWAY::23 TRINITY PLACE
1,00020,0013,1000806,49 BROADWAY::25 TRINITY PLACE
1,00020,0016,1000807,51 - 55 BROADWAY::4 EXCHANGE ALLEY::1 EXCHANGE PLAZA::27 - 31 TRINITY PLACE
1,00021,0001,1000808,57 - 61 BROADWAY::7 EXCHANGE ALLEY::33 - 41 TRINITY PLACE
1,00021,0004,1000809,63 - 65 BROADWAY::43 - 49 TRINITY PLACE
1,00021,0006,1000810,69 - 73 BROADWAY::1 - 3 RECTOR STREET::51 - 53 TRINITY PLACE
1,00022,0013,1000811,"1 - 11,11A BEAVER STREET::10 - 30 BROADWAY::73 - 81 NEW STREET"
1,00022,0017,1078979,32 BROADWAY::69 NEW STREET
1,00022,0020,1000812,36 - 42 BROADWAY::49 - 67 NEW STREET
1,00022,0024,1000813,44 - 50 BROADWAY::41 - 47 NEW STREET::SEAMENS CHURCH INSTITUTE
1,00022,0028,1000814,52 - 56 BROADWAY::80 EXCHANGE PLACE::33 - 39 NEW STREET
1,00023,0019,1078981,8 - 16 BROAD STREET::8 NEW STREET::NY STOCK EXCHANGE
1,00023,0019,1078982,2 - 6 BROAD STREET::6 NEW STREET::9 - 21 WALL STREET
1,00023,0050,1000816,18 - 26 BROAD STREET::65 - 67 EXCHANGE PLACE::18 - 28 NEW STREET
1,00023,1001,1000815,60 - 80 BROADWAY::73 EXCHANGE PLACE::1 - 29 NEW STREET::1 - 7 WALL STREET
1,00024,0001,1000817,15 - 33 BEAVER STREET::54 - 68 BROAD STREET::52 - 66 NEW STREET
1,00024,0019,1000818,42 - 44 (NEW STREET)
1,00024,0029,1000819,30 - 36 BROAD STREET::64 - 66 EXCHANGE PLACE::30 NEW STREET
1,00024,0036,1000820,46 - 52 BROAD STREET::46 - 50 NEW STREET
1,00024,1001,1078985,38 - 44 BROAD STREET::34 - 40 NEW STREET
1,00025,0001,1000821,35 - 49 BEAVER STREET::49 - 59 BROAD STREET
1,00025,0010,1000823,35 - 41 (BROAD STREET)
1,00025,0019,1000824,25 - 33 BROAD STREET::44 - 60 EXCHANGE PLACE
1,00025,0027,1000825,36 - 42 EXCHANGE PLACE::25 - 29 WILLIAM STREET
1,00025,1401,1087954,51 - 59 BEAVER STREET::13 - 23 WILLIAM STREET
1,00026,0014,1078991,43 - 49 (EXCHANGE PLACE)
1,00026,0014,1078992,37 - 43 (WALL STREET)
1,00026,0021,1000826,35 - 41 EXCHANGE PLACE::45 - 51 WALL STREET::33 - 41 WILLIAM STREET
1,00026,1001,1078988,1 - 19 BROAD STREET::51 - 55 EXCHANGE PLACE::23 - 35 WALL STREET
1,00027,0009,1000828,79 - 83 BEAVER STREET::1 - 5 HANOVER STREET::59 - 65 WALL STREET
1,00027,0017,1000829,85 - 95 BEAVER STREET::153 PEARL STREET::67 - 73 WALL STREET
1,00027,1001,1000827,7 - 29 EXCHANGE PLACE::2 - 4 HANOVER STREET::53 - 57 WALL STREET::34 - 40 WILLIAM STREET
1,00027,1201,1000830,61 - 75 BEAVER STREET::14 - 28 EXCHANGE PLACE::6 HANOVER STREET::16 - 26 WILLIAM STREET::CITY BANK-FARMERS TRUST COMPANY
1,00028,0001,1000831,60 - 62 BEAVER STREET::3 HANOVER SQUARE::2 - 6 WILLIAM STREET
1,00028,0005,1000832,64 - 74 BEAVER STREET::5 HANOVER SQUARE::10 HANOVER STREET
1,00028,0012,1000833,76 - 78 BEAVER STREET::7 HANOVER PLAZA::11 HANOVER SQUARE::7 - 11 HANOVER STREET::123 - 125 PEARL STREET
1,00028,0015,1000834,80 BEAVER STREET::127 PEARL STREET
1,00028,1001,1000835,82 - 92 BEAVER STREET::129 - 135 PEARL STREET::1 WALL STREET COURT
1,00029,0001,1066031,"85 - 89,91 - 97 BROAD STREET::55 - 73 PEARL STREET::25 - 43 SOUTH WILLIAM STREET"
1,00029,0022,1000836,77 PEARL STREET::44 STONE STREET
1,00029,0023,1000837,79 PEARL STREET::46 STONE STREET
1,00029,0024,1000838,81 PEARL STREET::48 STONE STREET
1,00029,0025,1078964,83 PEARL STREET::50 STONE STREET
1,00029,0026,1077219,85 PEARL STREET::52 STONE STREET
1,00029,0029,1000840,91 - 93 PEARL STREET::58 STONE STREET
1,00029,0036,1078995,1 - 3 SOUTH WILLIAM STREET::63 - 67 STONE STREET::1 - 9 WILLIAM STREET
1,00029,0043,1000842,9 MILL LANE::9 - 11 SOUTH WILLIAM STREET::59 - 61 STONE STREET
1,00029,0045,1000843,13 SOUTH WILLIAM STREET::57 STONE STREET
1,00029,0046,1000844,15 SOUTH WILLIAM STREET::55 STONE STREET
1,00029,0047,1000845,17 SOUTH WILLIAM STREET::53 STONE STREET
1,00029,0048,1000846,19 SOUTH WILLIAM STREET::49 - 51 STONE STREET
1,00029,0070,1000849,32 - 36 BEAVER STREET::61 - 81 BROAD STREET::28 - 36 SOUTH WILLIAM STREET::MILLENIUM HS
1,00029,0073,1000850,38 - 46 BEAVER STREET::8 SOUTH WILLIAM STREET
1,00029,0086,1000851,10 - 26 (SOUTH WILLIAM STREET)
1,00029,1001,1078997,48 - 50 (BEAVER STREET)
1,00029,1001,1078998,52 - 54 (BEAVER STREET)
1,00029,1001,1078999,56 BEAVER STREET::2 - 6 SOUTH WILLIAM STREET
1,00029,1101,1000841,"1,2 HANOVER SQUARE::95 - 105 PEARL STREET::60 - 66 STONE STREET"
1,00029,1201,1087244,21 - 23 SOUTH WILLIAM STREET::45 - 47 STONE STREET
1,00029,1301,1088620,54 (STONE STREET)
1,00030,0001,1079001,2 COENTIES SLIP::74 PEARL STREET
1,00030,0001,1079002,2 1/2 (COENTIES SLIP)
1,00030,0003,1000852,76 (PEARL STREET)
1,00030,0004,1088647,78 (PEARL STREET)
1,00030,0005,1000854,80 - 82 PEARL STREET::46 - 48 WATER STREET
1,00030,0019,1000855,"13 - 15,7 - 9 HANOVER SQUARE::84 - 106 PEARL STREET::50 - 72 WATER STREET"
1,00030,0032,1000856,44 (WATER STREET)
1,00030,0033,1000857,42 (WATER STREET)
1,00030,0034,1000858,4 - 6 COENTIES SLIP::40 WATER STREET
1,00031,0001,1000859,4 - 12 HANOVER SQUARE::110 - 124 PEARL STREET::76 - 88 WATER STREET
1,00031,0010,1000860,126 (PEARL STREET)
1,00031,0034,1000862,90 (WATER STREET)
1,00031,1001,1085950,128 - 152 PEARL STREET::75 WALL STREET::92 - 116 WATER STREET
1,00031,1001,1090087,75 REAR WALL STREET::PEARL STREET::WATER STREET
1,00032,1001,1083346,23 - 43 OLD SLIP::39 SOUTH STREET::43 - 73 WATER STREET
1,00033,0001,1000863,78 - 94 FRONT STREET::20 - 26 OLD SLIP::77 - 93 WATER STREET::GOUVERNEUR LANE
1,00033,0011,1000864,"96 - 110 FRONT STREET::95,97 WALL STREET::97 - 117 WATER STREET::GOUVERNEUR LANE"
1,00033,1001,1000865,112 FRONT STREET::99 - 101 WALL STREET
1,00034,0037,1000866,100 OLD SLIP::FRONT STREET::SOUTH STREET::WATER STREET
1,00035,0001,1000867,1 FINANCIAL SQUARE::77 - 93 FRONT STREET::28 - 36 OLD SLIP::42 - 48 SOUTH STREET::GOUVERNEUR LANE
1,00035,0010,1000868,95 - 113 FRONT STREET::50 - 58 SOUTH STREET::105 - 119 WALL STREET::GOUVERNEUR LANE
1,00036,0012,1000869,(MARGINAL STREET)
1,00036,0018,1087760,PIER   11::SOUTH STREET
1,00036,0025,1000870,PIER   13::SOUTH STREET
1,00036,0030,1087761,70 SOUTH STREET::PIER   14
1,00037,0001,1000871,"97 PINE STREET::59,60,61,62,63,64,65,66,67,68 SOUTH STREET::114 - 120 WALL STREET"
1,00037,0008,1000872,119 - 127 FRONT STREET::106 - 112 WALL STREET
1,00037,0013,1000873,129 - 131 FRONT STREET::91 - 95 PINE STREET
1,00037,0023,1000874,"133 - 151 FRONT STREET::150 - 180 MAIDEN LANE::90 - 100 PINE STREET::71,73,75 SOUTH STREET"
1,00038,0001,1000875,118 - 134 FRONT STREET::96 - 104 WALL STREET::119 - 133 WATER STREET
1,00038,0017,1000876,136 - 154 FRONT STREET::138 - 144 MAIDEN LANE::88 PINE STREET::135 - 153 WATER STREET
1,00039,0001,1000877,82 - 88 WALL STREET::118 WATER STREET
1,00039,0001,1000878,154 - 158 PEARL STREET::78 - 80 WALL STREET
1,00039,0006,1000879,160 - 162 (PEARL STREET)
1,00039,0012,1000880,110 - 134 MAIDEN LANE::172 - 182 PEARL STREET::78 - 84 PINE STREET::1 WALL STREET PLAZA::134 - 152 WATER STREET
1,00039,0038,1000881,124 - 126 (WATER STREET)
1,00039,1001,1000884,164 - 168 PEARL STREET::77 - 83 PINE STREET::128 - 132 WATER STREET
1,00040,0003,1001004,51 - 71 PINE STREET::52 - 70 WALL STREET
1,00040,0014,1001005,48 - 50 WALL STREET::46 - 48 WILLIAM STREET
1,00040,0016,1001006,47 - 49 PINE STREET::50 - 54 WILLIAM STREET
1,00040,1001,1001003,159 - 169 PEARL STREET::73 - 75 PINE STREET::72 - 76 WALL STREET
1,00041,0015,1001008,20 - 24 CEDAR STREET::60 - 64 PINE STREET
1,00041,0022,1001012,48 PINE STREET::56 - 60 WILLIAM STREET
1,00041,0024,1001013,30 - 38 CEDAR STREET::62 - 64 WILLIAM STREET
1,00041,1001,1001011,50 - 52 (PINE STREET)
1,00041,1101,1001010,54 (PINE STREET)
1,00041,1201,1001009,26 - 28 CEDAR STREET::56 - 58 PINE STREET
1,00041,1301,1001007,2 - 18 CEDAR STREET::171 - 185 PEARL STREET::66 - 76 PINE STREET
1,00042,0001,1001014,1 - 7 CEDAR STREET::96 - 106 MAIDEN LANE::187 - 197 PEARL STREET
1,00042,0022,1086256,27 - 37 CEDAR STREET::2 - 10 LIBERTY STREET::68 - 78 WILLIAM STREET
1,00042,0031,1001015,13 - 25 CEDAR STREET::78 - 80 MAIDEN LANE
1,00042,0036,1001016,9 - 11 CEDAR STREET::90 - 94 MAIDEN LANE
1,00043,0001,1001017,44 - 46 (WALL STREET)
1,00043,0002,1001018,"25,27 - 39 PINE STREET::40 WALL STREET::TRUMP BUILDING"
1,00043,0005,1001019,23 PINE STREET::30 - 34 WALL STREET
1,00043,0006,1001020,2 - 8 NASSAU STREET::17 - 21 PINE STREET::26 - 28 WALL STREET
1,00044,0001,1001021,"1 CHASE MANHATTAN PLAZA::16 - 26,28,30 - 48 LIBERTY STREET::26 - 40 NASSAU STREET::28 - 44 PINE STREET::55 - 77 WILLIAM STREET"
1,00044,1001,1001022,14 - 24 NASSAU STREET::18 - 26 PINE STREET
1,00046,0001,1001023,92 - 94 BROADWAY::2 - 6 WALL STREET
1,00046,0003,1001024,96 - 100 BROADWAY::1 - 5 PINE STREET
1,00046,0009,1001025,1 - 11 NASSAU STREET::7 - 15 PINE STREET::8 - 20 WALL STREET
1,00047,1001,1001026,104 - 124 BROADWAY::70 - 84 CEDAR STREET::15 - 25 NASSAU STREET::2 - 16 PINE STREET::EQUITABLE BUILDING
1,00048,0001,1001027,140 BROADWAY::71 - 89 CEDAR STREET::54 - 74 LIBERTY STREET::27 - 39 NASSAU STREET
1,00049,0001,1001028,75 - 95 BROADWAY::57 - 85 TRINITY PLACE::RECTOR STREET::TRINITY CHURCH
1,00049,0002,1001029,111 - 113 BROADWAY::2 - 10 THAMES STREET::91 - 95 TRINITY PLACE
1,00050,0001,1001030,115 - 119 BROADWAY::90 - 104 CEDAR STREET::1 - 11 THAMES STREET::97 - 99 TRINITY PLACE
1,00051,0001,1001031,"101A,101B,91 - 101 GREENWICH STREET::2 - 12 RECTOR STREET::56 - 66 TRINITY PLACE"
1,00051,0007,1090830,68 - 76 (TRINITY PLACE)
1,00051,0013,1001033,113 - 123 GREENWICH STREET::78 - 86 TRINITY PLACE
1,00051,0014,1090832,125 - 129 GREENWICH STREET::18 - 22 THAMES STREET
1,00051,0015,1001035,12 - 16 THAMES STREET::88 - 90 TRINITY PLACE::LEADERSHIP AND PUBLIC SERVICE HS
1,00052,0001,1001037,108 - 118 CEDAR STREET::13 - 19 THAMES STREET::96 - 102 TRINITY PLACE::ECONOMICS AND FINANCE HS
1,00052,0008,1089248,133 GREENWICH STREET::23 - 29 THAMES STREET
1,00052,0010,1001038,120 CEDAR STREET::137 - 139 GREENWICH STREET
1,00052,0015,1001039,109 CEDAR STREET::104 - 110 TRINITY PLACE
1,00052,0021,1001040,123 - 125 CEDAR STREET::120 - 122 LIBERTY STREET
1,00052,0022,1075700,127 CEDAR STREET::141 - 151 GREENWICH STREET::124 LIBERTY STREET
1,00052,0030,1001043,111 CEDAR STREET::106 LIBERTY STREET::112 - 114 TRINITY PLACE
1,00052,1001,1001042,113 - 117 CEDAR STREET::110 - 112 LIBERTY STREET
1,00052,1101,1001041,119 - 121 CEDAR STREET::114 LIBERTY STREET
1,00053,0002,1088967,20 - 24 RECTOR STREET::99 - 101 WASHINGTON STREET
1,00053,0003,1001045,103 (WASHINGTON STREET)
1,00053,0004,1001046,105 - 107 (WASHINGTON STREET)
1,00053,0006,1001047,109 (WASHINGTON STREET)
1,00053,0033,1001051,2 CARLISLE STREET::110 - 112 GREENWICH STREET
1,00053,0035,1001052,108 (GREENWICH STREET)
1,00053,0036,1001053,106 (GREENWICH STREET)
1,00053,0037,1001054,102 - 104 (GREENWICH STREET)
1,00053,0038,1090417,100 (GREENWICH STREET)
1,00053,0039,1001056,96 (GREENWICH STREET)
1,00053,0040,1001057,"94 1/2,94A (GREENWICH STREET)"
1,00053,0041,1001058,94 GREENWICH STREET::14 - 18 RECTOR STREET
1,00053,1001,1001050,2 ALBANY STREET::1 CARLISLE STREET::114 - 120 GREENWICH STREET
1,00053,1201,1088442,4 - 12 ALBANY STREET::3 - 13 CARLISLE STREET::123 - 129 WASHINGTON STREET
1,00054,0001,1090248,(ALBANY STREET)
1,00054,0030,1090246,(LIBERTY STREET)
1,00054,0030,1090247,(GREENWICH STREET)
1,00054,0040,1090245,153 CEDAR STREET::140 GREENWICH STREET
1,00055,0014,1001060,14 - 20 CARLISLE STREET::108 - 116 WASHINGTON STREET::71 - 75 WEST STREET
1,00055,0016,1001061,"16 - 26 ALBANY STREET::120 - 130 WASHINGTON STREET::80 - 84,85,86 WEST STREET::CARLISLE STREET"
1,00055,1001,1088750,30 - 40 RECTOR STREET::94 - 106 WASHINGTON STREET::57 - 69 WEST STREET
1,00056,0001,1001063,15 - 19 ALBANY STREET::130 CEDAR STREET::134 - 146 WASHINGTON STREET
1,00056,0004,1001064,"21 - 25 ALBANY STREET::136 - 140 CEDAR STREET::87 - 89,90,91 - 95 WEST STREET"
1,00056,0015,1089707,145 - 151 CEDAR STREET::140 - 150 LIBERTY STREET::148 - 154 WASHINGTON STREET::97 - 99 WEST STREET::WTC VEHICLE SECURITY CENTER
1,00058,0001,1088469,285 FULTON STREET::117 WEST STREET::1 WORLD TRADE CENTER::ONE WORLD TRADE CENTER
1,00058,0001,1088795,"18 CHURCH STREET::41,55 CORTLANDT WAY::150 GREENWICH STREET::101 LIBERTY STREET::4 WORLD TRADE CENTER::FOUR WORLD TRADE CENTER"
1,00058,0001,1088797,"30 CHURCH STREET::28,40,52 CORTLANDT WAY::27,35,43 DEY STREET::175 GREENWICH STREET::3 WORLD TRADE CENTER::THREE WORLD TRADE CENTER"
1,00058,0001,1088798,180 GREENWICH STREET::NATIONAL 9/11 MEMORIAL::NATIONAL 9/11 MUSEUM
1,00058,0001,1088799,(SOUTH MEMORIAL REFLECTING POOL)
1,00058,0001,1088800,(NORTH MEMORIAL REFLECTING POOL)
1,00058,0001,1088802,(9/11 MEMORIAL WEST VENT NORTH)
1,00058,0001,1088803,(9/11 MEMORIAL WEST VENT SOUTH)
1,00058,0001,1089308,200 GREENWICH STREET::33 VESEY STREET::2 WORLD TRADE CENTER::TWO WORLD TRADE CENTER
1,00058,0001,1089309,50 CHURCH STREET::185 GREENWICH STREET::WORLD TRADE CENTER OCULUS::WORLD TRADE CENTER TRANSIT HUB
1,00062,1001,1001068,149 - 171 BROADWAY::1 - 15 CHURCH STREET::1 - 27 CORTLANDT STREET::1 LIBERTY PLAZA::77 - 99 LIBERTY STREET::105 - 115 TRINITY PLACE
1,00063,0001,1078966,10 (CORTLANDT STREET)
1,00063,0001,1079030,12 (CORTLANDT STREET)
1,00063,0003,1001069,22 CORTLANDT STREET::9 - 17 DEY STREET
1,00063,0006,1001070,"19 - 35 CHURCH STREET::24 - 26 CORTLANDT STREET::19,21,23 - 25 DEY STREET"
1,00063,0013,1088675,189 - 191 BROADWAY::1 - 3 DEY STREET
1,00063,0017,1001075,181 (BROADWAY)
1,00063,0018,1001076,179 (BROADWAY)
1,00063,0019,1001077,177 (BROADWAY)
1,00063,0020,1001078,175 (BROADWAY)
1,00063,0021,1001079,173 BROADWAY::2 - 8 CORTLANDT STREET
1,00064,0001,1079032,51 (NASSAU STREET)
1,00064,0001,1079033,20 MAIDEN LANE::LIBERTY PLACE
1,00064,0002,1001080,22 (MAIDEN LANE)
1,00064,0004,1001081,24 - 26 MAIDEN LANE::55 NASSAU STREET
1,00064,0005,1001082,53 (NASSAU STREET)
1,00064,0007,1001083,49 NASSAU STREET::LIBERTY PLACE
1,00064,0008,1001084,1 LIBERTY PLACE::53 - 57 LIBERTY STREET::41 - 47 NASSAU STREET
1,00064,0009,1001085,2 LIBERTY PLACE::59 - 65 LIBERTY STREET
1,00064,0012,1001087,148 - 158 BROADWAY::69 - 75 LIBERTY STREET
1,00064,0015,1079037,6 (MAIDEN LANE)
1,00064,0015,1079039,4 - 6 (LIBERTY PLACE)
1,00064,0015,1079040,160 - 164 (BROADWAY)
1,00064,0020,1001089,8 (MAIDEN LANE)
1,00064,0021,1001090,10 - 12 (MAIDEN LANE)
1,00064,0023,1001091,14 (MAIDEN LANE)
1,00064,0024,1001092,12 LIBERTY PLACE::16 - 18 MAIDEN LANE
1,00064,0025,1001093,8 - 10 (LIBERTY PLACE)
1,00064,1001,1001086,67 (LIBERTY STREET)
1,00064,1101,1001088,166 - 172 BROADWAY::2 - 4 MAIDEN LANE
1,00065,0002,1001094,63 (NASSAU STREET)
1,00065,0004,1001095,25 - 27 MAIDEN LANE::57 - 61 NASSAU STREET
1,00065,0006,1001096,21 - 23 (MAIDEN LANE)
1,00065,0007,1001097,"18,22 JOHN STREET::15 - 19 MAIDEN LANE"
1,00065,0010,1001098,9 - 13 (MAIDEN LANE)
1,00065,0016,1001099,174 BROADWAY::1 MAIDEN LANE
1,00065,0017,1001100,176 - 178 BROADWAY::3 - 7 MAIDEN LANE
1,00065,0020,1001103,12 - 16 (JOHN STREET)
1,00065,0022,1001104,20 (JOHN STREET)
1,00065,0024,1001105,"24,24A (JOHN STREET)"
1,00065,1001,1001106,28 - 30 JOHN STREET::65 - 69 NASSAU STREET
1,00065,1101,1001102,180 - 184 BROADWAY::2 - 10 JOHN STREET
1,00066,0001,1001108,19 - 51 LIBERTY STREET::28 - 62 MAIDEN LANE::42 - 54 NASSAU STREET::79 - 83 WILLIAM STREET
1,00067,0001,1079043,"50 - 68 JOHN STREET::41 - 65 MAIDEN LANE::101 - 105,85 - 99 WILLIAM STREET"
1,00067,0023,1001109,"1,2 FEDERAL RESERVE PLAZA::32 - 40 JOHN STREET::29 - 39 MAIDEN LANE::56 - 70 NASSAU STREET"
1,00067,0030,1001110,42 - 46 (JOHN STREET)
1,00068,0007,1001111,1 - 7 GOLD STREET::81 - 87 MAIDEN LANE
1,00068,0011,1001112,9 - 11 GOLD STREET::73 - 79 MAIDEN LANE
1,00068,0016,1001113,67 - 71 MAIDEN LANE::84 - 88 WILLIAM STREET
1,00068,0028,1085948,15 GOLD STREET::22 - 28 PLATT STREET
1,00068,0029,1088403,13 (GOLD STREET)
1,00068,0036,1001116,72 - 78 JOHN STREET::29 - 35 PLATT STREET::98 - 104 WILLIAM STREET
1,00068,1001,1001115,19 - 25 GOLD STREET::80 - 88 JOHN STREET::25 - 27 PLATT STREET
1,00068,1201,1087755,30 - 38 PLATT STREET::90 - 92 WILLIAM STREET
1,00069,0006,1087832,99 - 105 MAIDEN LANE::201 - 211 PEARL STREET
1,00069,0018,1087146,2 - 14 GOLD STREET::89 - 97 MAIDEN LANE::12 - 20 PLATT STREET
1,00069,0018,1088318,14 REAR (GOLD STREET)
1,00069,0030,1089243,4 - 10 (PLATT STREET)
1,00069,0032,1001126,114 - 120 JOHN STREET::225 - 235 PEARL STREET::1 PLATT STREET
1,00069,0053,1001129,102 - 110 JOHN STREET::3 - 13 PLATT STREET
1,00069,0054,1001131,112 (JOHN STREET)
1,00069,1101,1001127,20 - 24 GOLD STREET::90 - 100 JOHN STREET::15 - 23 PLATT STREET
1,00070,0020,1001133,212 PEARL STREET::FLETCHER STREET
1,00070,0032,1001134,126 - 138 JOHN STREET::222 - 234 PEARL STREET::172 - 180 WATER STREET
1,00070,0043,1001135,2 - 10 FLETCHER STREET::214 - 220 PEARL STREET::160 - 170 WATER STREET
1,00070,1001,1087484,1 - 15 FLETCHER STREET::113 - 133 MAIDEN LANE::202 - 208 PEARL STREET::156 - 158 WATER STREET
1,00071,0001,1001136,23 - 25 FLETCHER STREET::156 - 160 FRONT STREET::143 - 149 MAIDEN LANE
1,00071,0001,1090259,135 - 141 MAIDEN LANE::155 WATER STREET::FLETCHER STREET
1,00071,1001,1001137,18 - 28 FLETCHER STREET::162 - 180 FRONT STREET::144 - 154 JOHN STREET::161 - 179 WATER STREET
1,00072,0007,1079055,37 FLETCHER STREET::159 MAIDEN LANE
1,00072,0007,1082759,151 (MAIDEN LANE)
1,00072,0012,1089746,30 - 32 FLETCHER STREET::161 FRONT STREET
1,00072,0013,1001139,34 - 40 FLETCHER STREET::163 FRONT STREET
1,00072,0014,1001140,165 (FRONT STREET)
1,00072,0019,1090744,167 (FRONT STREET)
1,00072,0025,1001141,178 - 180 JOHN STREET::87 SOUTH STREET
1,00072,0027,1001142,85 (SOUTH STREET)
1,00072,0031,1079058,"80,83 SOUTH STREET::FLETCHER STREET"
1,00072,1001,1001143,170 - 176 JOHN STREET::86 SOUTH STREET
1,00072,1101,1090257,161 - 169 (MAIDEN LANE)
1,00073,0002,1087583,"76,78,84 SOUTH STREET::FRANKLIN D ROOSEVELT DRIVE"
1,00073,0008,1077339,MARGINAL STREET::PIER   16
1,00073,0008,1087300,81 SOUTH STREET::SOUTH ST SEAPORT TICKET BOOTH
1,00073,0008,1087301,81B SOUTH STREET::SOUTH STREET SEAPORT PILOT HOUSE
1,00073,0008,1089224,88 (SOUTH STREET)
1,00073,0010,1090548,"89,95 (SOUTH STREET)"
1,00073,0014,1088319,102 SOUTH STREET::MARGINAL STREET::SOUTH STREET SEAPORT NEW MARKET
1,00073,0029,1001161,(MARGINAL STREET)
1,00074,0001,1081994,197 FRONT STREET::14 FULTON STREET
1,00074,0001,1081995,195 (FRONT STREET)
1,00074,0001,1081996,193 (FRONT STREET)
1,00074,0001,1081997,191 (FRONT STREET)
1,00074,0001,1081998,189 (FRONT STREET)
1,00074,0001,1082000,181 FRONT STREET::159 - 163 JOHN STREET
1,00074,0001,1082001,91 (SOUTH STREET)
1,00074,0001,1082002,92 (SOUTH STREET)
1,00074,0001,1082003,2 FULTON STREET::93 SOUTH STREET
1,00074,0001,1082004,167 - 169 JOHN STREET::A A LOW BUILDING
1,00074,0001,1082005,171 (JOHN STREET)
1,00074,0001,1083713,165 (JOHN STREET)
1,00074,0001,1085798,12 FULTON STREET::SOUTH STREET SEAPORT MUSEUM
1,00074,0001,1085799,8 - 10 (FULTON STREET)
1,00074,0001,1085800,6 (FULTON STREET)
1,00074,0001,1085801,4 (FULTON STREET)
1,00074,0001,1088320,(SOUTH STREET)
1,00074,0001,1089906,16 (FULTON STREET)
1,00074,0001,1089907,18 (FULTON STREET)
1,00074,1001,1001162,"190,192 FRONT STREET::20 - 26 FULTON STREET::141 - 155 JOHN STREET::1 SEAPORT PLAZA::181 - 199 WATER STREET"
1,00075,0001,1001163,32 - 38 FULTON STREET::125 - 131 JOHN STREET::240 - 266 PEARL STREET::182 - 202 WATER STREET
1,00075,0008,1001164,135 (JOHN STREET)
1,00075,0009,1001165,133 (JOHN STREET)
1,00075,0021,1075618,40 - 44 FULTON STREET::259 - 265 PEARL STREET
1,00075,0030,1001167,2 - 16 CLIFF STREET::103 - 119 JOHN STREET::239 - 241 PEARL STREET
1,00075,0043,1001168,26 (CLIFF STREET)
1,00075,0046,1001170,32 (CLIFF STREET)
1,00075,0048,1077220,34 CLIFF STREET::52 FULTON STREET
1,00075,1001,1001172,46 - 50 (FULTON STREET)
1,00075,1011,1001173,28 (CLIFF STREET)
1,00075,1101,1001169,30 (CLIFF STREET)
1,00076,0001,1001176,64 - 68 FULTON STREET::RYDERS ALLEY
1,00076,0006,1090416,29 - 31 CLIFF STREET::54 - 62 FULTON STREET
1,00076,0007,1001178,27 CLIFF STREET::RYDERS ALLEY
1,00076,0008,1001179,23 - 25 (CLIFF STREET)
1,00076,0023,1085600,38 GOLD STREET::EDENS ALLEY::RYDERS ALLEY
1,00076,0024,1088484,40 - 42 GOLD STREET::RYDERS ALLEY
1,00076,0024,1088485,44 GOLD STREET::RYDERS ALLEY
1,00076,0024,1088486,46 GOLD STREET::RYDERS ALLEY
1,00076,0028,1001184,70 - 76 FULTON STREET::48 - 50 GOLD STREET::RYDERS ALLEY
1,00076,1001,1085931,15 - 21 CLIFF STREET::RYDERS ALLEY
1,00076,1101,1087867,1 - 13 CLIFF STREET::26 - 36 GOLD STREET::91 - 101 JOHN STREET
1,00077,0001,1001185,27 - 31 GOLD STREET::83 - 87 JOHN STREET
1,00077,0008,1001186,69 - 81 JOHN STREET::110 - 126 WILLIAM STREET
1,00077,0015,1090562,90 - 94 FULTON STREET::128 - 134 WILLIAM STREET
1,00077,0018,1001188,136 (WILLIAM STREET)
1,00077,0020,1001189,96 FULTON STREET::138 - 140 WILLIAM STREET
1,00077,0024,1077403,82 - 88 FULTON STREET::33 - 51 GOLD STREET
1,00078,0001,1001192,100 FULTON STREET::135 - 141 WILLIAM STREET
1,00078,0004,1079063,4 - 12 DUTCH STREET::123 - 133 WILLIAM STREET
1,00078,0011,1079064,2 DUTCH STREET::51 - 57 JOHN STREET
1,00078,0020,1001195,14 DUTCH STREET::106 - 108 FULTON STREET
1,00078,0040,1001202,86 (NASSAU STREET)
1,00078,0041,1001203,86 1/2 (NASSAU STREET)
1,00078,0042,1001204,88 (NASSAU STREET)
1,00078,0043,1001205,124 FULTON STREET::90 NASSAU STREET
1,00078,0044,1001206,122 (FULTON STREET)
1,00078,0045,1001208,120 (FULTON STREET)
1,00078,0047,1090115,17 - 19 DUTCH STREET::112 - 118 FULTON STREET
1,00078,1101,1075701,41 (JOHN STREET)
1,00078,1101,1084390,43 (JOHN STREET)
1,00078,1201,1001201,80 - 84 (NASSAU STREET)
1,00078,1301,1001197,9 - 15 (DUTCH STREET)
1,00078,1401,1001200,33 - 39 JOHN STREET::72 - 78 NASSAU STREET
1,00078,1501,1001196,102 - 104 (FULTON STREET)
1,00078,1601,1001193,59 - 65 JOHN STREET::111 - 121 WILLIAM STREET
1,00078,1701,1001199,1 - 5 DUTCH STREET::45 - 49 JOHN STREET
1,00078,1801,1001198,7 (DUTCH STREET)
1,00078,1901,1088478,16 - 18 DUTCH STREET::110 FULTON STREET
1,00079,0002,1001212,85 (NASSAU STREET)
1,00079,0010,1001216,17 - 23 (JOHN STREET)
1,00079,0014,1001217,15 (JOHN STREET)
1,00079,0015,1001218,192 BROADWAY::1 - 13 JOHN STREET
1,00079,0015,1089384,198 - 210 BROADWAY::146 - 158 FULTON STREET::FULTON CENTER
1,00079,0025,1001223,144 (FULTON STREET)
1,00079,0026,1001224,142 (FULTON STREET)
1,00079,0027,1001225,140 (FULTON STREET)
1,00079,1001,1001226,138 (FULTON STREET)
1,00079,1101,1001215,25 - 31 JOHN STREET::71 - 73 NASSAU STREET
1,00079,1201,1087245,126 - 136 FULTON STREET::87 - 91 NASSAU STREET
1,00080,0001,1001227,195 - 207 BROADWAY::2 - 18 DEY STREET::160 - 170 FULTON STREET
1,00080,0004,1075702,41 - 55 CHURCH STREET::20 - 24 DEY STREET::172 - 184 FULTON STREET
1,00084,0036,1086510,60 - 82 BARCLAY STREET::250 GREENWICH STREET::72 - 86 VESEY STREET::209 - 221 WASHINGTON STREET::2 - 14 WEST BROADWAY::7 WORLD TRADE CENTER::SEVEN WORLD TRADE CENTER
1,00084,1002,1001228,"90 - 110 BARCLAY STREET::88 - 110 VESEY STREET::206 - 222 WASHINGTON STREET::139,140 - 146 WEST STREET"
1,00086,0001,1001230,44 - 58 BARCLAY STREET::74 - 90 CHURCH STREET::36 - 66 VESEY STREET::1 - 15 WEST BROADWAY
1,00087,0001,1001231,209 BROADWAY::57 CHURCH STREET::175 FULTON STREET::1 - 29 VESEY STREET::ST PAULS CHAPEL
1,00088,0001,1001232,213 - 221 BROADWAY::2 - 10 VESEY STREET
1,00088,0002,1001233,12 - 16 (VESEY STREET)
1,00088,0004,1001234,18 (VESEY STREET)
1,00088,0005,1001235,20 - 24 (VESEY STREET)
1,00088,0008,1001236,26 (VESEY STREET)
1,00088,0010,1001237,73 - 77 CHURCH STREET::28 - 30 VESEY STREET
1,00088,0011,1001238,18 - 22 BARCLAY STREET::79 - 85 CHURCH STREET
1,00088,0014,1087947,6 - 16 (BARCLAY STREET)
1,00088,0018,1001241,2 - 4 BARCLAY STREET::223 - 227 BROADWAY
1,00089,0001,1001242,28 - 34 ANN STREET::135 - 139 FULTON STREET::93 - 99 NASSAU STREET
1,00089,0002,1001243,141 (FULTON STREET)
1,00089,0003,1001244,24 - 26 ANN STREET::143 - 145 FULTON STREET
1,00089,0012,1001245,2 - 22 ANN STREET::212 - 222 BROADWAY::147 - 165 FULTON STREET
1,00090,0001,1085949,1 - 11 ANN STREET::1 - 11 PARK ROW
1,00090,0013,1090476,"1 BEEKMAN STREET::33,34 PARK ROW::THEATER ALLEY"
1,00090,0017,1089790,"109 - 111,113 NASSAU STREET::2,4 THEATER ALLEY"
1,00090,0022,1001260,19 ANN STREET::THEATER ALLEY
1,00090,0023,1001261,17 (ANN STREET)
1,00090,0024,1001262,15 (ANN STREET)
1,00090,1001,1001249,13 ANN STREET::13 - 21 PARK ROW::3 THEATER ALLEY
1,00090,1101,1001258,25 - 29 ANN STREET::105 - 107 NASSAU STREET
1,00090,1201,1079072,"3,5,7 - 9 BEEKMAN STREET::119 - 133 NASSAU STREET::THEATER ALLEY"
1,00090,1201,1079073,(THEATER ALLEY)
1,00090,1201,1079074,10 (THEATER ALLEY)
1,00090,1201,1089791,115 - 117 NASSAU STREET::8 THEATER ALLEY
1,00090,1301,1090475,"23 - 31,32 PARK ROW::5,7,9 THEATER ALLEY"
1,00090,9014,1089892,5 AIR RGTS (BEEKMAN STREET)
1,00091,0009,1001265,46 ANN STREET::123 FULTON STREET
1,00091,0009,1079088,48 ANN STREET::121 FULTON STREET
1,00091,0011,1079214,44 ANN STREET::125 FULTON STREET
1,00091,0013,1001267,40 ANN STREET::129 FULTON STREET
1,00091,1001,1001266,42 ANN STREET::127 FULTON STREET
1,00091,1101,1001264,50 ANN STREET::119 FULTON STREET
1,00091,1201,1001263,52 - 64 ANN STREET::101 - 117 FULTON STREET::143 - 155 WILLIAM STREET
1,00092,0003,1001268,165 - 167 (WILLIAM STREET)
1,00092,0010,1001270,57 - 59 (ANN STREET)
1,00092,0013,1001271,55 (ANN STREET)
1,00092,0014,1089326,49 (ANN STREET)
1,00092,0017,1001272,"47,47A (ANN STREET)"
1,00092,0023,1001273,35 - 37 ANN STREET::104 - 108 NASSAU STREET
1,00092,0024,1079094,43 - 45 ANN STREET::110 - 116 NASSAU STREET
1,00092,0024,1079095,39 - 41 (ANN STREET)
1,00092,0026,1001274,118 (NASSAU STREET)
1,00092,0027,1001275,120 (NASSAU STREET)
1,00092,0028,1001276,122 (NASSAU STREET)
1,00092,0029,1001277,124 (NASSAU STREET)
1,00092,0030,1079101,132 (NASSAU STREET)
1,00092,0030,1079102,"15,17 (BEEKMAN STREET)"
1,00092,0032,1001278,19 - 21 (BEEKMAN STREET)
1,00092,0034,1001279,23 - 27 (BEEKMAN STREET)
1,00092,1001,1089833,29 - 37 BEEKMAN STREET::169 WILLIAM STREET
1,00092,1201,1001269,61 - 69 ANN STREET::157 - 163 WILLIAM STREET
1,00093,0001,1001280,72 - 92 ANN STREET::81 - 99 FULTON STREET::53 - 59 GOLD STREET::150 WILLIAM STREET
1,00093,0024,1001282,164 (WILLIAM STREET)
1,00093,0025,1001283,41 - 43 BEEKMAN STREET::166 WILLIAM STREET
1,00093,0026,1001284,39 BEEKMAN STREET::168 WILLIAM STREET
1,00093,0028,1001285,45 (BEEKMAN STREET)
1,00093,0029,1001286,47 (BEEKMAN STREET)
1,00093,0030,1001287,49 (BEEKMAN STREET)
1,00093,0034,1001288,87 - 91 ANN STREET::57 - 61 BEEKMAN STREET::61 - 69 GOLD STREET::NYU DOWNTOWN HOSPITAL STAFF RES
1,00093,1001,1001281,"73 - 85 ANN STREET::53 BEEKMAN STREET::156,158,160 WILLIAM STREET"
1,00094,0001,1083347,80 BEEKMAN STREET::80A GOLD STREET
1,00094,0001,1083348,90 (BEEKMAN STREET)
1,00094,0001,1083349,100 (BEEKMAN STREET)
1,00094,0001,1083350,333 (PEARL STREET)
1,00094,0001,1083353,55 (FULTON STREET)
1,00094,0001,1083354,80 (GOLD STREET)
1,00094,0001,1083355,90 (GOLD STREET)
1,00094,0001,1083356,"299,299A (PEARL STREET)"
1,00094,0001,1087916,66 (FRANKFORT STREET)
1,00094,0001,1090791,"77,77A FULTON STREET::66 GOLD STREET"
1,00094,0025,1001289,96 - 102 GOLD STREET::FRANKFORT STREET
1,00095,0027,1001290,41 - 53 FULTON STREET::267 - 285 PEARL STREET
1,00095,0043,1001291,46 - 48 (CLIFF STREET)
1,00095,1001,1001292,111 - 117 BEEKMAN STREET::220 - 222 WATER STREET::PEARL STREET
1,00096,0001,1001318,"139 - 155 BEEKMAN STREET::200,200A FRONT STREET::1 - 13 FULTON STREET::100,101,103,97,99 SOUTH STREET"
1,00096,0005,1082006,23 (FULTON STREET)
1,00096,0005,1082007,25 FULTON STREET::205 WATER STREET
1,00096,0005,1082008,207 WATER STREET::PORT LIFE GALLERY
1,00096,0005,1082009,209 WATER STREET::MARITIME CRAFTS CENTER::WALTER LORD GALLERY
1,00096,0005,1082010,211 WATER STREET::BOWNE AND COMPANY STATIONERS
1,00096,0005,1082011,213 WATER STREET::MELVILLE GALLERY
1,00096,0005,1082012,127 - 137 BEEKMAN STREET::208 - 210 FRONT STREET::217 WATER STREET::MELVILLE LIBRARY
1,00096,0005,1082013,207 (FRONT STREET)
1,00096,0005,1082014,203 (FRONT STREET)
1,00096,0005,1082015,204 (FRONT STREET)
1,00096,0005,1082016,206 (FRONT STREET)
1,00096,0005,1082017,21 (FULTON STREET)
1,00096,0008,1001319,205 (FRONT STREET)
1,00096,0012,1001320,"201,202 FRONT STREET::15 - 19 FULTON STREET"
1,00096,0013,1085601,(FRONT STREET)
1,00097,0001,1001322,"42 - 44 PECK SLIP::116,117,118,119 SOUTH STREET"
1,00097,0002,1001323,"114,115 (SOUTH STREET)"
1,00097,0003,1001324,113 (SOUTH STREET)
1,00097,0004,1001325,112 (SOUTH STREET)
1,00097,0005,1001326,111 (SOUTH STREET)
1,00097,0006,1001327,110 (SOUTH STREET)
1,00097,0007,1001328,109 (SOUTH STREET)
1,00097,0008,1001329,108 (SOUTH STREET)
1,00097,0009,1001330,107 (SOUTH STREET)
1,00097,0010,1001331,"104,106,156 (SOUTH STREET)"
1,00097,0013,1079103,150 - 152 (BEEKMAN STREET)
1,00097,0015,1078978,146 - 148 (BEEKMAN STREET)
1,00097,0017,1001334,142 - 144 BEEKMAN STREET::211 FRONT STREET
1,00097,0018,1087524,"213,217 - 223 (FRONT STREET)"
1,00097,0024,1001336,225 (FRONT STREET)
1,00097,0024,1001337,227 (FRONT STREET)
1,00097,0026,1079112,229 - 231 (FRONT STREET)
1,00097,0030,1079113,233 (FRONT STREET)
1,00097,0030,1079114,235 FRONT STREET::34 PECK SLIP
1,00097,0030,1079115,36 (PECK SLIP)
1,00097,0030,1079116,38 (PECK SLIP)
1,00097,0031,1001338,40 (PECK SLIP)
1,00097,0032,1087577,236 FRONT STREET::24 - 26 PECK SLIP
1,00097,0033,1001340,232 - 234 (FRONT STREET)
1,00097,0035,1001341,228 - 230 (FRONT STREET)
1,00097,0036,1001342,226 (FRONT STREET)
1,00097,0043,1001343,140 BEEKMAN STREET::212 FRONT STREET
1,00097,0044,1086053,136 (BEEKMAN STREET)
1,00097,0045,1001344,134 (BEEKMAN STREET)
1,00097,0049,1001346,233 - 235 (WATER STREET)
1,00097,0055,1001347,245 (WATER STREET)
1,00097,0057,1001349,22 PECK SLIP::251 WATER STREET
1,00097,0144,1086052,138 (BEEKMAN STREET)
1,00097,1001,1001348,247 - 249 (WATER STREET)
1,00097,1101,1001345,130 - 132 BEEKMAN STREET::227 - 231 WATER STREET
1,00097,1201,1086561,"220,222,224 (FRONT STREET)"
1,00097,1301,1086562,"214,216 (FRONT STREET)"
1,00097,1401,1078980,237 - 243 (WATER STREET)
1,00100,0001,1001352,40 - 60 BEEKMAN STREET::83 - 87 GOLD STREET::26 - 42 SPRUCE STREET::170 WILLIAM STREET::NYU DOWNTOWN HOSPITAL MAIN BLDG
1,00100,0026,1001354,10 - 14 BEEKMAN STREET::138 - 142 NASSAU STREET
1,00100,1001,1087756,144 - 152 NASSAU STREET::2 - 6 SPRUCE STREET
1,00100,1201,1087485,16 - 38 BEEKMAN STREET::8 - 24 SPRUCE STREET::SPRUCE STREET SCHOOL
1,00101,0001,1001355,"2 - 6,8 BEEKMAN STREET::139 - 145 NASSAU STREET::36 PACE PLAZA::35,36,37,38 PARK ROW"
1,00101,0002,1001356,"147 - 151 NASSAU STREET::41,42 PACE PLAZA::39,40,41,42,43 PARK ROW::PACE UNIVERSITY::SPRUCE STREET"
1,00102,0001,1001357,"91 - 103 GOLD STREET::154 - 166 NASSAU STREET::1,3 PACE PLAZA::1 - 41 SPRUCE STREET::FRANKFORT STREET"
1,00106,0002,1086078,276 (WATER STREET)
1,00106,0003,1001358,274 (WATER STREET)
1,00106,0005,1001360,270 (WATER STREET)
1,00106,0006,1001361,268 (WATER STREET)
1,00106,0009,1001363,314 - 318 PEARL STREET::1 - 19 PECK SLIP::260 - 262 WATER STREET::PS  343
1,00106,0017,1087430,320 - 322 (PEARL STREET)
1,00106,0020,1085953,332 - 336 (PEARL STREET)
1,00106,1001,1001365,330 (PEARL STREET)
1,00106,1101,1001364,324 - 328 (PEARL STREET)
1,00106,1201,1001359,272 (WATER STREET)
1,00106,1301,1001362,264 - 266 (WATER STREET)
1,00107,0001,1001375,46 DOVER STREET::160 SOUTH STREET
1,00107,0002,1078984,237 - 257 FRONT STREET::35 - 43 PECK SLIP::140 SOUTH STREET
1,00107,0010,1001376,45 PECK SLIP::151 SOUTH STREET
1,00107,0026,1079138,34 - 40 DOVER STREET::259 FRONT STREET
1,00107,0028,1088490,18 - 22 DOVER STREET::254 FRONT STREET
1,00107,0031,1001378,252 (FRONT STREET)
1,00107,0033,1001379,248 (FRONT STREET)
1,00107,0034,1090588,"246,246A (FRONT STREET)"
1,00107,0034,1090880,267 1/2 (WATER STREET)
1,00107,0035,1001380,244 (FRONT STREET)
1,00107,0038,1082018,31 (PECK SLIP)
1,00107,0038,1082019,238 FRONT STREET::33 PECK SLIP
1,00107,0038,1082020,240 (FRONT STREET)
1,00107,0038,1082021,242 (FRONT STREET)
1,00107,0038,1082022,29 (PECK SLIP)
1,00107,0040,1078990,25 - 27 (PECK SLIP)
1,00107,0042,1001381,21 - 23 PECK SLIP::253 - 259 WATER STREET
1,00107,0042,1084423,261 - 263 (WATER STREET)
1,00107,0044,1001382,265 (WATER STREET)
1,00107,0046,1001383,269 (WATER STREET)
1,00107,0049,1001385,275 (WATER STREET)
1,00107,0050,1001386,277 (WATER STREET)
1,00107,0051,1079141,16 1/2 DOVER STREET::279 REAR WATER STREET
1,00107,0051,1082487,16 DOVER STREET::279 WATER STREET
1,00107,1001,1078986,271 (WATER STREET)
1,00107,1002,1084937,250 (FRONT STREET)
1,00107,1101,1001384,273 (WATER STREET)
1,00108,0004,1089814,166 (SOUTH STREET)
1,00108,0004,1089815,12 (R F WAGNER SR PLACE)
1,00108,0004,1089816,32 (R F WAGNER SR PLACE)
1,00108,0004,1089817,17 - 45 (DOVER STREET)
1,00111,0100,1077410,20 CATHERINE SLIP::191 SOUTH STREET::SMITH HOUSES BUILDING    1
1,00111,0100,1077411,10 CATHERINE SLIP::SMITH HOUSES BUILDING    2
1,00111,0100,1077412,182 - 186 SOUTH STREET::SMITH HOUSES BUILDING    3
1,00111,0100,1077413,31 - 41 R F WAGNER SR PLACE::180 SOUTH STREET::SMITH HOUSES BUILDING    4
1,00111,0100,1077414,7 - 9 ST JAMES PLACE::SMITH HOUSES BUILDING    5
1,00111,0100,1077415,372 - 374 PEARL STREET::SMITH HOUSES BUILDING    6
1,00111,0100,1077416,388 - 390 PEARL STREET::3 - 5 ST JAMES PLACE::SMITH HOUSES BUILDING    7
1,00111,0100,1077417,"20 - 26 MADISON STREET::21 - 25,25A ST JAMES PLACE::SMITH HOUSES BUILDING    8"
1,00111,0100,1077418,15 - 19 ST JAMES PLACE::SMITH HOUSES BUILDING    9
1,00111,0100,1077419,36 - 40 MADISON STREET::SMITH HOUSES BUILDING   10
1,00111,0100,1077420,44 - 50 MADISON STREET::SMITH HOUSES BUILDING   11
1,00111,0100,1077421,54 - 60 CATHERINE STREET::60 MADISON STREET::SMITH HOUSES BUILDING   12
1,00111,0100,1089608,(R F WAGNER SR PLACE)
1,00111,0150,1083359,"76,78 (CATHERINE STREET)"
1,00111,0160,1083357,80 - 86 CATHERINE STREET::PS  126
1,00111,0160,1083358,90 - 96 (CATHERINE STREET)
1,00111,0160,1089882,(CATHERINE STREET)
1,00111,0160,1090086,CATHERINE STREET::MONROE STREET
1,00113,0100,1001388,2 MADISON STREET::411 PEARL STREET::AVENUE OF THE FINEST::BERGTRAUM EDUCATIONAL CAMPUS::BERGTRAUM HS::MANHATTAN EARLY COLLEGE SCHOOL::SCHOOL FOR EMERGENCY MANAGEMENT::URBAN ASSEMBLY MAKER ACADEMY
1,00113,1001,1001389,29 AVENUE OF THE FINEST::375 PEARL STREET
1,00116,0042,1001390,25 MADISON STREET::27 - 29 ST JAMES PLACE
1,00116,0043,1082028,27 - 33 MADISON STREET::31 - 35 ST JAMES PLACE
1,00116,0046,1077395,35 (MADISON STREET)
1,00116,0047,1001391,35 - 37 JAMES STREET::37 MADISON STREET
1,00116,0048,1001392,31 - 33 (JAMES STREET)
1,00116,0049,1001393,25 - 29 JAMES STREET::37 - 41 ST JAMES PLACE
1,00117,0001,1077406,219 - 225 PARK ROW::56 - 60 ST JAMES PLACE
1,00117,0001,1077407,1 MADISON STREET::165 - 217 PARK ROW::PEARL STREET
1,00117,0001,1086087,3 - 15 (MADISON STREET)
1,00119,0001,1079143,"103 - 109,111 - 163 PARK ROW::427 - 461 PEARL STREET::1 POLICE PLAZA::AVENUE OF THE FINEST::MADISON STREET::POLICE HEADQUARTERS"
1,00119,0001,1089747,(PEARL STREET)
1,00121,0001,1001394,1 - 15 CENTRE STREET::DAVID N DINKINS MUNICIPAL BLDG::ST ANDREWS PLAZA::TRYON ROW
1,00121,0001,1089759,(PARK ROW)
1,00122,0001,1079146,52 CHAMBERS STREET::BROADWAY::CENTRE STREET
1,00122,0001,1079147,CITY HALL::PARK ROW
1,00123,0003,1001395,21 (BARCLAY STREET)
1,00123,0018,1001397,22 (PARK PLACE)
1,00123,1001,1087167,1 - 19 BARCLAY STREET::229 - 237 BROADWAY::2 - 20 PARK PLACE
1,00123,1101,1089428,23 - 41 BARCLAY STREET::95 - 105 CHURCH STREET::26 - 42 PARK PLACE
1,00124,0004,1001399,8 - 12 MURRAY STREET::9 - 15 PARK PLACE
1,00124,0007,1001400,14 MURRAY STREET::17 PARK PLACE
1,00124,0008,1089956,16 MURRAY STREET::19 PARK PLACE
1,00124,0009,1001402,21 (PARK PLACE)
1,00124,0010,1001403,20 MURRAY STREET::23 PARK PLACE
1,00124,0011,1001404,22 MURRAY STREET::25 PARK PLACE
1,00124,0012,1001405,107 - 119 CHURCH STREET::24 - 26 MURRAY STREET::27 PARK PLACE
1,00124,0021,1001407,6 (MURRAY STREET)
1,00124,0024,1001408,"239 - 247,250 BROADWAY::2 - 4 MURRAY STREET::1 - 7 PARK PLACE"
1,00124,1001,1001406,18 (MURRAY STREET)
1,00125,0020,1001409,75 BARCLAY STREET::100 - 102 CHURCH STREET::44 - 50 PARK PLACE
1,00126,0008,1090827,43 (PARK PLACE)
1,00126,0013,1001412,60 - 62 MURRAY STREET::53 - 57 PARK PLACE::41 - 51 WEST BROADWAY
1,00126,0027,1001410,110 - 122 CHURCH STREET::38 - 58 MURRAY STREET::33 - 41 PARK PLACE
1,00127,0001,1088292,245 (GREENWICH STREET)
1,00127,0018,1001415,253 - 267 GREENWICH STREET::64 - 84 MURRAY STREET::75 PARK PLACE::40 - 52 WEST BROADWAY
1,00128,0002,1001416,"97 - 123 BARCLAY STREET::224 - 240,240A,240B GREENWICH STREET::86,88 MURRAY STREET::WEST STREET"
1,00128,0026,1001417,"125 - 137 BARCLAY STREET::140 MURRAY STREET::140 PARK PLACE::149,150,151,152,153,154,155,156,157,158 WEST STREET"
1,00132,0001,1001418,65 MURRAY STREET::62 - 70 WEST BROADWAY
1,00132,0002,1001419,67 (MURRAY STREET)
1,00132,0003,1001420,69 (MURRAY STREET)
1,00132,0006,1001422,75 (MURRAY STREET)
1,00132,0007,1001423,77 - 79 (MURRAY STREET)
1,00132,0022,1001427,83 (WARREN STREET)
1,00132,0023,1001429,79 (WARREN STREET)
1,00132,0026,1001431,75 (WARREN STREET)
1,00132,0027,1001432,73 (WARREN STREET)
1,00132,0123,1001428,81 (WARREN STREET)
1,00132,1001,1081076,269 - 283 GREENWICH STREET::85 MURRAY STREET::85 - 95 WARREN STREET
1,00132,1201,1001433,71 (WARREN STREET)
1,00132,1301,1001421,71 - 73 (MURRAY STREET)
1,00132,1401,1077396,83 (MURRAY STREET)
1,00132,1401,1077398,83 REAR (MURRAY STREET)
1,00132,1501,1001424,81 (MURRAY STREET)
1,00132,1601,1001430,77 (WARREN STREET)
1,00133,0007,1001435,45 (MURRAY STREET)
1,00133,0010,1001438,51 (MURRAY STREET)
1,00133,0013,1082029,57 (MURRAY STREET)
1,00133,0014,1086177,59 (MURRAY STREET)
1,00133,0019,1077241,57 (WARREN STREET)
1,00133,1001,1001445,41 (MURRAY STREET)
1,00133,1001,1084849,43 (MURRAY STREET)
1,00133,1101,1078993,45 - 47 (WARREN STREET)
1,00133,1201,1001437,49 (MURRAY STREET)
1,00133,1301,1001434,"126,128,130,130A - 130B CHURCH STREET::37 - 39 MURRAY STREET"
1,00133,1401,1001443,41 - 43 (WARREN STREET)
1,00133,1501,1079150,49 - 51 (WARREN STREET)
1,00133,1601,1001439,53 (MURRAY STREET)
1,00133,1701,1001436,47 (MURRAY STREET)
1,00133,1801,1001442,53 (WARREN STREET)
1,00133,1901,1001440,55 MURRAY STREET::55 WARREN STREET
1,00133,2001,1001444,"132,136 CHURCH STREET::37 - 39 WARREN STREET"
1,00134,0007,1001449,21 (MURRAY STREET)
1,00134,0011,1001453,125 - 139 CHURCH STREET::29 MURRAY STREET::33 WARREN STREET
1,00134,0020,1001457,17 (WARREN STREET)
1,00134,0021,1001458,15 (WARREN STREET)
1,00134,0025,1077426,"258,259 BROADWAY::1 - 11 WARREN STREET"
1,00134,1001,1082756,"256,257 (BROADWAY)"
1,00134,1001,1082757,251 - 255 BROADWAY::1 - 7 MURRAY STREET
1,00134,1101,1001446,9 - 15 (MURRAY STREET)
1,00134,1201,1001447,17 (MURRAY STREET)
1,00134,1301,1001456,19 - 21 (WARREN STREET)
1,00134,1401,1001451,23 - 27 MURRAY STREET::23 - 31 WARREN STREET
1,00134,1501,1001448,19 (MURRAY STREET)
1,00135,0009,1001461,"20,20A,20B (WARREN STREET)"
1,00135,0011,1001463,24 - 26 (WARREN STREET)
1,00135,0012,1001464,28 (WARREN STREET)
1,00135,0014,1090540,102 CHAMBERS STREET::149 - 151 CHURCH STREET::30 - 32 WARREN STREET
1,00135,0016,1001466,100 (CHAMBERS STREET)
1,00135,0017,1066184,98 (CHAMBERS STREET)
1,00135,0018,1001467,96 (CHAMBERS STREET)
1,00135,0019,1001468,94 (CHAMBERS STREET)
1,00135,0021,1001470,90 (CHAMBERS STREET)
1,00135,0031,1001472,265 - 267 (BROADWAY)
1,00135,1001,1001473,"260,261 BROADWAY::2 - 6 WARREN STREET"
1,00135,1101,1077807,18 (WARREN STREET)
1,00135,1201,1079153,"269 - 271,270 BROADWAY::70 - 86 CHAMBERS STREET"
1,00135,1301,1079154,8 - 10 (WARREN STREET)
1,00135,1401,1001462,22 (WARREN STREET)
1,00135,1501,1001471,88 (CHAMBERS STREET)
1,00135,1601,1001469,92 (CHAMBERS STREET)
1,00135,1701,1087868,16 (WARREN STREET)
1,00135,1801,1090148,12 (WARREN STREET)
1,00136,0007,1001474,46 (WARREN STREET)
1,00136,0008,1001475,48 (WARREN STREET)
1,00136,0010,1001477,122 CHAMBERS STREET::52 WARREN STREET
1,00136,0012,1001479,56 - 58 (WARREN STREET)
1,00136,0019,1001482,126 (CHAMBERS STREET)
1,00136,0020,1001483,124 (CHAMBERS STREET)
1,00136,0023,1001484,118 (CHAMBERS STREET)
1,00136,0024,1001485,116 (CHAMBERS STREET)
1,00136,0025,1079160,112 (CHAMBERS STREET)
1,00136,0025,1079161,114 (CHAMBERS STREET)
1,00136,0027,1001486,110 (CHAMBERS STREET)
1,00136,0028,1001487,"108 CHAMBERS STREET::146,148 CHURCH STREET"
1,00136,1001,1001476,120 CHAMBERS STREET::50 WARREN STREET
1,00136,1101,1079156,140 - 144 CHURCH STREET::38 - 44 WARREN STREET
1,00136,1201,1001480,60 - 62 WARREN STREET::79 - 83 WEST BROADWAY
1,00136,1301,1001478,54 (WARREN STREET)
1,00136,1401,1088224,128 - 132 CHAMBERS STREET::85 - 93 WEST BROADWAY
1,00137,0001,1082031,"86,86A - 86B (WEST BROADWAY)"
1,00137,0001,1082032,72 WARREN STREET::88 WEST BROADWAY
1,00137,0001,1082033,74 (WARREN STREET)
1,00137,0001,1082034,68 WARREN STREET::80 - 84 WEST BROADWAY
1,00137,0005,1001488,76 - 84 (WARREN STREET)
1,00137,0025,1001490,160 (CHAMBERS STREET)
1,00137,0026,1001491,162 (CHAMBERS STREET)
1,00137,0027,1001492,158 (CHAMBERS STREET)
1,00137,0028,1001493,156 (CHAMBERS STREET)
1,00137,0029,1001494,154 (CHAMBERS STREET)
1,00137,0034,1001498,144 (CHAMBERS STREET)
1,00137,0035,1001499,138 - 142 CHAMBERS STREET::90 - 92 WEST BROADWAY
1,00137,1001,1066187,164 - 168 CHAMBERS STREET::285 - 301 GREENWICH STREET
1,00137,1201,1001495,150 - 152 (CHAMBERS STREET)
1,00137,1301,1079162,92 - 94 (WARREN STREET)
1,00137,1401,1001496,148 (CHAMBERS STREET)
1,00137,1501,1001497,146 (CHAMBERS STREET)
1,00140,0001,1001500,139 - 141 CHAMBERS STREET::1 HUDSON STREET
1,00140,0003,1001501,143 (CHAMBERS STREET)
1,00140,0004,1001502,145 (CHAMBERS STREET)
1,00140,0005,1085521,147 - 151 CHAMBERS STREET::3 - 5 HUDSON STREET::121 - 133 READE STREET
1,00140,0009,1001504,155 (CHAMBERS STREET)
1,00140,0024,1001507,145 (READE STREET)
1,00140,0029,1001510,135 (READE STREET)
1,00140,1001,1066317,165 - 167 CHAMBERS STREET::303 - 307 GREENWICH STREET::147 - 149 READE STREET
1,00140,1101,1075706,309 - 311 GREENWICH STREET::151 - 155 READE STREET
1,00140,1201,1084396,137 - 143 (READE STREET)
1,00140,1301,1001503,153 (CHAMBERS STREET)
1,00140,1401,1001505,157 - 163 (CHAMBERS STREET)
1,00141,0001,1001511,13 - 19 HUDSON STREET::126 - 132 READE STREET
1,00141,0002,1079166,134 (READE STREET)
1,00141,0002,1079167,136 (READE STREET)
1,00141,0007,1001512,144 (READE STREET)
1,00141,0008,1001513,146 (READE STREET)
1,00141,0009,1079170,148 (READE STREET)
1,00141,0010,1079171,150 (READE STREET)
1,00141,0011,1085923,152 (READE STREET)
1,00141,0012,1001514,154 (READE STREET)
1,00141,0013,1079173,156 (READE STREET)
1,00141,0015,1001515,315 GREENWICH STREET::160 READE STREET
1,00141,0016,1001516,317 - 319 (GREENWICH STREET)
1,00141,0018,1001518,321A (GREENWICH STREET)
1,00141,0019,1001519,323 (GREENWICH STREET)
1,00141,0020,1001520,190A DUANE STREET::323A GREENWICH STREET
1,00141,0021,1001521,188 - 190 (DUANE STREET)
1,00141,0023,1001523,182 (DUANE STREET)
1,00141,0024,1001524,180 (DUANE STREET)
1,00141,0025,1001525,178 (DUANE STREET)
1,00141,0028,1001528,172 (DUANE STREET)
1,00141,0114,1001532,158 (READE STREET)
1,00141,1001,1001522,168 (DUANE STREET)
1,00141,1051,1001531,164 - 166 DUANE STREET::21 - 31 HUDSON STREET
1,00141,1101,1075718,184 - 186 (DUANE STREET)
1,00141,1201,1001529,170 (DUANE STREET)
1,00141,1301,1001526,176 (DUANE STREET)
1,00141,1401,1001517,321 (GREENWICH STREET)
1,00141,1601,1087486,138 - 142 (READE STREET)
1,00141,1701,1001527,174 (DUANE STREET)
1,00142,0001,1001533,170 - 174 CHAMBERS STREET::292 - 300 GREENWICH STREET::108 - 110 WARREN STREET
1,00142,0001,1086584,278 GREENWICH STREET::PS  234
1,00142,0010,1083360,25 HARRISON STREET::GREENWICH STREET
1,00142,0011,1077215,27 (HARRISON STREET)
1,00142,0012,1001534,27A (HARRISON STREET)
1,00142,0013,1001536,29 (HARRISON STREET)
1,00142,0014,1001537,31 (HARRISON STREET)
1,00142,0016,1001538,33 - 35 (HARRISON STREET)
1,00142,0017,1001539,37 (HARRISON STREET)
1,00142,0018,1001540,39 (HARRISON STREET)
1,00142,0019,1001541,41 (HARRISON STREET)
1,00142,0025,1083157,"352,354,364,364A - 364B GREENWICH STREET::80 NORTH MOORE STREET"
1,00142,0025,1083235,34 - 40 (HARRISON STREET)
1,00142,0025,1083237,356 - 362 (GREENWICH STREET)
1,00142,0025,1083239,"344,344A - 344B,346,346A - 346B,348,348A - 348B,350,350A - 350B GREENWICH STREET::43 - 55 HARRISON STREET"
1,00142,0025,1083240,334 - 342 (GREENWICH STREET)
1,00142,0025,1083241,312 - 326 (GREENWICH STREET)
1,00142,0025,1083243,308 - 310 (GREENWICH STREET)
1,00142,0025,1083705,"378,378 1/2 (GREENWICH STREET)"
1,00142,0025,1086183,366 - 376 (GREENWICH STREET)
1,00142,0025,1086184,"328 - 332,332A - 332B (GREENWICH STREET)"
1,00142,0030,1090517,(GREENWICH STREET)
1,00142,0050,1066406,"199 CHAMBERS STREET::66 - 98,75 - 77 HARRISON STREET::100 NORTH MOORE STREET::190,212 - 218,224 WEST STREET"
1,00142,1001,1087170,"89 - 95 MURRAY STREET::97 - 127 WARREN STREET::170,171,172,173,174,175,176 WEST STREET"
1,00142,1101,1087716,"200 - 202 CHAMBERS STREET::120 - 126 WARREN STREET::177 - 185,206 WEST STREET"
1,00142,1501,1087715,260 - 276 (GREENWICH STREET)
1,00142,1801,1089698,"101,111 MURRAY STREET::169 WEST STREET"
1,00143,0001,1001543,165 - 169 DUANE STREET::47 HUDSON STREET::STAPLE STREET
1,00143,0004,1001544,55 - 61 HUDSON STREET::2 - 6 JAY STREET::STAPLE STREET
1,00143,0008,1001545,171 DUANE STREET::8 STAPLE STREET
1,00143,0009,1001546,173 - 175 (DUANE STREET)
1,00143,0013,1001547,181 (DUANE STREET)
1,00143,0014,1001548,183 (DUANE STREET)
1,00143,0015,1001549,185 (DUANE STREET)
1,00143,0016,1001550,187 DUANE STREET::325 - 327 GREENWICH STREET
1,00143,0017,1001551,329 (GREENWICH STREET)
1,00143,0019,1001552,331 (GREENWICH STREET)
1,00143,0020,1079178,333 (GREENWICH STREET)
1,00143,0021,1001553,335 - 337 GREENWICH STREET::20 - 24 JAY STREET
1,00143,0025,1001554,14 (JAY STREET)
1,00143,1001,1001556,8 - 12 JAY STREET::STAPLE STREET
1,00143,1101,1077430,177 - 179 (DUANE STREET)
1,00143,1201,1079179,16 - 18 (JAY STREET)
1,00144,0001,1077397,154 - 156 DUANE STREET::118 - 128 WEST BROADWAY
1,00144,0001,1077399,158 DUANE STREET::16 - 22 HUDSON STREET::114 - 116 READE STREET::110 - 116 WEST BROADWAY
1,00144,0001,1077401,160 - 162 DUANE STREET::24 - 30 HUDSON STREET
1,00144,0012,1001558,155 (DUANE STREET)
1,00144,0013,1001559,157 (DUANE STREET)
1,00144,0018,1001563,40 (HUDSON STREET)
1,00144,0020,1001564,44 (HUDSON STREET)
1,00144,0023,1077431,84 (THOMAS STREET)
1,00144,0023,1077432,86 (THOMAS STREET)
1,00144,0026,1001566,78 - 82 THOMAS STREET::140 - 142 WEST BROADWAY
1,00144,0028,1001567,138 (WEST BROADWAY)
1,00144,0029,1001568,136 (WEST BROADWAY)
1,00144,0030,1001569,134 (WEST BROADWAY)
1,00144,0031,1001570,132 (WEST BROADWAY)
1,00144,0032,1001571,153 DUANE STREET::130 WEST BROADWAY
1,00144,0040,1001572,56 - 70 HUDSON STREET::79 - 97 THOMAS STREET::150 - 166 WEST BROADWAY::2 - 24 WORTH STREET
1,00144,1001,1001573,42 (HUDSON STREET)
1,00144,1101,1001562,161 - 163 DUANE STREET::34 - 38 HUDSON STREET
1,00144,1201,1001560,159 (DUANE STREET)
1,00144,1301,1001565,46 - 50 HUDSON STREET::88 - 96 THOMAS STREET
1,00145,0005,1001578,111 (CHAMBERS STREET)
1,00145,0007,1001580,115 - 117 (CHAMBERS STREET)
1,00145,0010,1001582,121 CHAMBERS STREET::103 READE STREET
1,00145,0012,1001584,125 - 131 CHAMBERS STREET::95 - 99 WEST BROADWAY
1,00145,0015,1001585,113 READE STREET::101 - 107 WEST BROADWAY
1,00145,0016,1001586,111 (READE STREET)
1,00145,0018,1001588,105 - 107 (READE STREET)
1,00145,1001,1001591,105 - 107 CHAMBERS STREET::150 - 170 CHURCH STREET::89 - 91 READE STREET
1,00145,1101,1066410,113 CHAMBERS STREET::95 READE STREET
1,00145,1201,1077809,109 (READE STREET)
1,00145,1301,1001589,97 - 101 (READE STREET)
1,00145,1401,1088443,123 (CHAMBERS STREET)
1,00145,1501,1001581,"119,119 1/2 (CHAMBERS STREET)"
1,00145,1601,1001590,93 (READE STREET)
1,00146,0001,1001594,92 (READE STREET)
1,00146,0002,1001595,94 (READE STREET)
1,00146,0010,1001597,110 (READE STREET)
1,00146,0011,1001598,112 READE STREET::109 - 113 WEST BROADWAY
1,00146,0015,1001600,146 (DUANE STREET)
1,00146,0017,1001601,144 (DUANE STREET)
1,00146,0018,1001602,142 (DUANE STREET)
1,00146,0021,1075669,134 (DUANE STREET)
1,00146,0021,1084851,136 - 140 (DUANE STREET)
1,00146,0023,1086485,182 - 190 CHURCH STREET::130 DUANE STREET
1,00146,0027,1001604,"176,178,178A CHURCH STREET::88 - 90 READE STREET"
1,00146,1001,1083078,96 - 102 (READE STREET)
1,00146,1101,1001599,150 - 152 DUANE STREET::115 - 123 WEST BROADWAY
1,00146,1201,1001596,104 - 108 (READE STREET)
1,00146,1301,1075670,132 (DUANE STREET)
1,00146,1401,1077207,148 (DUANE STREET)
1,00147,0002,1001606,131 - 135 (DUANE STREET)
1,00147,0009,1001609,145 (DUANE STREET)
1,00147,0010,1001610,147 (DUANE STREET)
1,00147,0011,1001611,"149 DUANE STREET::131,133 WEST BROADWAY"
1,00147,0012,1001612,135 (WEST BROADWAY)
1,00147,0013,1001613,137 - 139 (WEST BROADWAY)
1,00147,0014,1001614,141 (WEST BROADWAY)
1,00147,0018,1001615,70 (THOMAS STREET)
1,00147,1001,1001620,72 THOMAS STREET::143 - 147 WEST BROADWAY
1,00147,1101,1001616,68 (THOMAS STREET)
1,00147,1201,1001608,143 (DUANE STREET)
1,00147,1251,1001605,129 DUANE STREET::54 THOMAS STREET
1,00147,1301,1086097,60 (THOMAS STREET)
1,00147,1401,1001618,56 (THOMAS STREET)
1,00147,1501,1066414,58 (THOMAS STREET)
1,00147,1601,1001619,194 - 206 CHURCH STREET::127 DUANE STREET::50 - 52 THOMAS STREET
1,00147,1701,1001607,137 - 141 DUANE STREET::62 - 66 THOMAS STREET
1,00148,0010,1001621,63 - 73 THOMAS STREET::151 - 157 WEST BROADWAY
1,00148,0015,1001622,"212 - 228 CHURCH STREET::47 - 61 THOMAS STREET::40,44 WORTH STREET"
1,00149,0001,1001623,75 (CHAMBERS STREET)
1,00149,0002,1001624,77 (CHAMBERS STREET)
1,00149,0003,1001625,"79 - 81 CHAMBERS STREET::59,61,63 READE STREET"
1,00149,0005,1001626,83 CHAMBERS STREET::65 READE STREET
1,00149,0006,1001627,85 CHAMBERS STREET::67 READE STREET
1,00149,0012,1001630,97 CHAMBERS STREET::79 - 81 READE STREET
1,00149,0014,1001631,99 CHAMBERS STREET::159 - 173 CHURCH STREET::83 READE STREET
1,00149,0029,1001632,287 BROADWAY::51 - 55 READE STREET
1,00149,0033,1001635,273 - 277 BROADWAY::71 - 73 CHAMBERS STREET
1,00149,1001,1001629,"95,95A,95B,95C CHAMBERS STREET::73 - 77,77A READE STREET"
1,00149,1101,1087951,281 - 285 BROADWAY::57 READE STREET
1,00149,1201,1089713,69 - 71 (READE STREET)
1,00150,0004,1001637,62 (READE STREET)
1,00150,0005,1001638,64 (READE STREET)
1,00150,0006,1001639,66 - 68 (READE STREET)
1,00150,0010,1077435,74 - 76 (READE STREET)
1,00150,0012,1001641,175 - 177 CHURCH STREET::78 - 82 READE STREET
1,00150,0015,1001642,179 - 193 CHURCH STREET::122 - 124 DUANE STREET
1,00150,0017,1001643,118 - 120 (DUANE STREET)
1,00150,0019,1001644,116 (DUANE STREET)
1,00150,0025,1001647,100 - 102 (DUANE STREET)
1,00150,0025,1085937,104 (DUANE STREET)
1,00150,0031,1001648,297 - 303 BROADWAY::92 - 98 DUANE STREET
1,00150,0038,1001649,291 - 293 BROADWAY::52 - 56 READE STREET
1,00150,1001,1001640,112 - 114 DUANE STREET::70 - 72 READE STREET
1,00150,1101,1001636,58 - 60 (READE STREET)
1,00150,1201,1001646,106 (DUANE STREET)
1,00150,1301,1001645,108 - 110 (DUANE STREET)
1,00151,0001,1001650,101 - 115 DUANE STREET::10 - 16 THOMAS STREET::1 TRIMBLE PLACE
1,00151,0010,1001652,195 - 207 CHURCH STREET::117 - 125 DUANE STREET::32 - 40 THOMAS STREET::TRIMBLE PLACE
1,00151,0020,1001653,22 - 28 THOMAS STREET::TRIMBLE PLACE
1,00151,0022,1001654,18 - 20 (THOMAS STREET)
1,00151,0028,1001656,317 BROADWAY::2 - 6 THOMAS STREET
1,00151,0029,1001657,313 - 315 (BROADWAY)
1,00151,0031,1001658,311 (BROADWAY)
1,00151,0032,1001659,305 - 309 BROADWAY::91 - 99 DUANE STREET
1,00151,1001,1001655,8 THOMAS STREET::DAVID S BROWN STORE
1,00152,0013,1085517,211 - 227 CHURCH STREET::7 - 41 THOMAS STREET::54 - 86 WORTH STREET
1,00152,0025,1079211,325 - 333 BROADWAY::90 WORTH STREET
1,00152,0031,1001661,319 BROADWAY::1 - 5 THOMAS STREET
1,00152,1001,1001662,321 - 323 (BROADWAY)
1,00153,0001,1079215,274 - 286 BROADWAY::53 - 63 CHAMBERS STREET::31 - 41 READE STREET
1,00153,0024,1001670,19 - 21 CENTRE STREET::23 - 35 CHAMBERS STREET::1 - 13 READE STREET::ELK STREET
1,00153,1101,1079216,49 - 51 CHAMBERS STREET::29 READE STREET
1,00154,0001,1083094,290 - 304 BROADWAY::60 - 88 DUANE STREET::36 - 40 READE STREET
1,00154,0023,1078613,2 - 8 ELK STREET::14 - 32 READE STREET
1,00155,0001,1001672,42 - 50 DUANE STREET::1 - 5 ELK STREET::2 - 8 LAFAYETTE STREET::2 - 10 READE STREET
1,00155,0003,1001673,52 - 58 DUANE STREET::7 - 15 ELK STREET
1,00156,0001,1079223,"49 - 63 DUANE STREET::1,2 FEDERAL PLAZA::10 - 34 LAFAYETTE STREET::100 - 116 WORTH STREET"
1,00156,0050,1001674,306 - 334 BROADWAY::77 - 87 DUANE STREET::26 FEDERAL PLAZA::94 - 98 WORTH STREET
1,00158,0001,1001675,10 CARDINAL HAYES PLACE::27 - 29 DUANE STREET
1,00158,0009,1001676,20 (CARDINAL HAYES PLACE)
1,00158,0061,1001677,"24 - 40 CARDINAL HAYES PLACE::40 - 50 CENTRE STREET::31 - 37 DUANE STREET::40 FOLEY SQUARE::487 - 505,509 PEARL STREET::PARK STREET"
1,00158,0061,1795031,(METRO CORRECTIONAL CTR SKYWAY)
1,00158,0061,1795032,(US ATTORNEY BUILDING SKYWAY)
1,00159,0040,1001678,128 - 154 PARK ROW::465 - 475 PEARL STREET::CARDINAL HAYES PLACE
1,00159,0051,1001679,122 - 126 PARK ROW::CARDINAL HAYES PLACE
1,00159,0060,1001680,1 - 39 CARDINAL HAYES PLACE::21 - 25 DUANE STREET::100 - 120 PARK ROW::1 ST ANDREWS PLAZA
1,00160,0001,1087763,"464,500 PEARL STREET::154 - 168,200 WORTH STREET::DANIEL P MOYNIHAN COURTHOUSE"
1,00160,0021,1001681,(WORTH STREET)
1,00160,0021,1085748,58 - 68 CENTRE STREET::PEARL STREET::WORTH STREET
1,00161,0001,1077438,180 - 196 (PARK ROW)
1,00161,0001,1077439,170 (PARK ROW)
1,00161,0001,1088321,(PARK ROW)
1,00161,0003,1082841,CARDINAL HAYES PLACE::PARK ROW::WORTH STREET
1,00162,0001,1001682,"1,2,3,4 CHATHAM SQUARE::2 - 4 MOTT STREET"
1,00162,0006,1001683,10 (MOTT STREET)
1,00162,0007,1001684,12 (MOTT STREET)
1,00162,0008,1001685,14 (MOTT STREET)
1,00162,0009,1001686,16 (MOTT STREET)
1,00162,0010,1001687,18 (MOTT STREET)
1,00162,0011,1001688,20 (MOTT STREET)
1,00162,0012,1001689,22 (MOTT STREET)
1,00162,0013,1001690,24 (MOTT STREET)
1,00162,0014,1001691,26 (MOTT STREET)
1,00162,0015,1001692,28 (MOTT STREET)
1,00162,0016,1001693,30 (MOTT STREET)
1,00162,0017,1001694,32 (MOTT STREET)
1,00162,0018,1001695,36 - 38 MOTT STREET::33 - 35 PELL STREET
1,00162,0018,1083326,34 (MOTT STREET)
1,00162,0021,1001696,29 - 31 (PELL STREET)
1,00162,0022,1001697,25 - 27 (PELL STREET)
1,00162,0023,1001698,23 (PELL STREET)
1,00162,0024,1001699,21 (PELL STREET)
1,00162,0025,1077441,19 (DOYERS STREET)
1,00162,0025,1077442,19 (PELL STREET)
1,00162,0026,1001700,15 - 17 (DOYERS STREET)
1,00162,0028,1001701,11 - 13 (DOYERS STREET)
1,00162,0030,1001702,9 (DOYERS STREET)
1,00162,0033,1001703,3 (DOYERS STREET)
1,00162,0034,1001704,13 CHATHAM SQUARE::1A DOYERS STREET
1,00162,0035,1001705,"11,12 (CHATHAM SQUARE)"
1,00162,0037,1001706,10 (CHATHAM SQUARE)
1,00162,0038,1001707,9 (CHATHAM SQUARE)
1,00162,0038,1088322,5 - 7 (DOYERS STREET)
1,00162,0041,1001708,6 (CHATHAM SQUARE)
1,00162,0042,1001709,5 CHATHAM SQUARE::8 MOTT STREET
1,00162,0044,1001710,6 - 8 (DOYERS STREET)
1,00162,0047,1001711,10 - 14 (DOYERS STREET)
1,00162,0048,1001712,"16,16A,16C (DOYERS STREET)"
1,00162,0049,1001713,18 - 20 DOYERS STREET::17 PELL STREET
1,00162,0050,1001714,13 - 15 (PELL STREET)
1,00162,0051,1079226,11 REAR (PELL STREET)
1,00162,0051,1082460,11 (PELL STREET)
1,00162,0052,1001715,9 (PELL STREET)
1,00162,0053,1001716,18 BOWERY::1 - 7 PELL STREET
1,00162,0054,1001717,16 (BOWERY)
1,00162,0055,1001718,14 (BOWERY)
1,00162,0056,1001719,12 (BOWERY)
1,00162,0057,1001720,10 (BOWERY)
1,00162,0058,1001721,8 (BOWERY)
1,00162,0058,1001722,6 (BOWERY)
1,00162,0060,1001723,4 (BOWERY)
1,00162,0061,1001724,2 BOWERY::2 DOYERS STREET
1,00162,0133,1001725,1 (DOYERS STREET)
1,00162,1001,1001726,"7,8 (CHATHAM SQUARE)"
1,00163,0001,1001776,10 (PELL STREET)
1,00163,0002,1001777,12 - 14 (PELL STREET)
1,00163,0004,1001778,16 (PELL STREET)
1,00163,0005,1001779,18 (PELL STREET)
1,00163,0006,1001780,20 - 22 (PELL STREET)
1,00163,0008,1001781,24 (PELL STREET)
1,00163,0009,1001782,26 - 28 (PELL STREET)
1,00163,0011,1001783,30 - 32 (PELL STREET)
1,00163,0013,1001784,34 (PELL STREET)
1,00163,0014,1001785,"40,40A MOTT STREET::36 PELL STREET"
1,00163,0015,1001786,42 - 44 (MOTT STREET)
1,00163,0016,1001787,46 (MOTT STREET)
1,00163,0017,1001788,48 (MOTT STREET)
1,00163,0018,1001789,"69 - 73 BAYARD STREET::50,50A MOTT STREET"
1,00163,0021,1001790,67 (BAYARD STREET)
1,00163,0022,1001791,65 (BAYARD STREET)
1,00163,0023,1001792,"63,63A (BAYARD STREET)"
1,00163,0024,1001793,"61,61A,61B (BAYARD STREET)"
1,00163,0025,1077443,"59,59 FRONT (BAYARD STREET)"
1,00163,0025,1077444,59 REAR (BAYARD STREET)
1,00163,0026,1001794,57 (BAYARD STREET)
1,00163,0027,1001795,"55,55A,55B (BAYARD STREET)"
1,00163,0028,1001796,53 (BAYARD STREET)
1,00163,0029,1001797,51 (BAYARD STREET)
1,00163,0030,1001798,49 (BAYARD STREET)
1,00163,0031,1001799,47 (BAYARD STREET)
1,00163,0032,1001800,45 (BAYARD STREET)
1,00163,0033,1001801,41 - 43 BAYARD STREET::28 BOWERY
1,00163,0035,1001802,26 (BOWERY)
1,00163,0036,1001803,24 (BOWERY)
1,00163,0038,1001804,20 - 22 BOWERY::2 - 8 PELL STREET
1,00164,0001,1001805,100 - 106 MOSCO STREET::30 MULBERRY STREET
1,00164,0002,1001806,32 (MULBERRY STREET)
1,00164,0003,1001807,34 (MULBERRY STREET)
1,00164,0003,1084852,36 - 38 (MULBERRY STREET)
1,00164,0006,1001808,40 (MULBERRY STREET)
1,00164,0007,1001809,42 (MULBERRY STREET)
1,00164,0007,1084853,44 (MULBERRY STREET)
1,00164,0009,1079227,46 (MULBERRY STREET)
1,00164,0009,1086195,"48,50,50B (MULBERRY STREET)"
1,00164,0009,1088323,52 (MULBERRY STREET)
1,00164,0013,1001810,54 - 56 (MULBERRY STREET)
1,00164,0015,1079234,58 (MULBERRY STREET)
1,00164,0015,1079235,58 REAR (MULBERRY STREET)
1,00164,0016,1079236,60 (MULBERRY STREET)
1,00164,0016,1079237,60 REAR (MULBERRY STREET)
1,00164,0017,1088223,62 - 64 (MULBERRY STREET)
1,00164,0019,1077446,"85,85A,85B (BAYARD STREET)"
1,00164,0019,1077447,"87,87A,87B (BAYARD STREET)"
1,00164,0019,1077448,89 (BAYARD STREET)
1,00164,0019,1077449,91 BAYARD STREET::66 MULBERRY STREET
1,00164,0021,1001811,83 (BAYARD STREET)
1,00164,0022,1001812,"81,81A,81B (BAYARD STREET)"
1,00164,0024,1001813,"77 - 79 BAYARD STREET::53,53 1/2 MOTT STREET"
1,00164,0025,1001814,51 (MOTT STREET)
1,00164,0026,1001815,47 - 49 (MOTT STREET)
1,00164,0028,1079238,45 (MOTT STREET)
1,00164,0028,1079239,45 REAR (MOTT STREET)
1,00164,0029,1001816,43 (MOTT STREET)
1,00164,0030,1001817,41 (MOTT STREET)
1,00164,0031,1079240,39 (MOTT STREET)
1,00164,0031,1079241,39 REAR (MOTT STREET)
1,00164,0032,1001818,33 - 37 (MOTT STREET)
1,00164,0037,1079244,27 - 31 (MOTT STREET)
1,00164,0037,1079245,108 MOSCO STREET::23 - 25 MOTT STREET
1,00164,0043,1001819,103 (MOSCO STREET)
1,00164,0044,1001820,105 (MOSCO STREET)
1,00164,0045,1001821,"105 1/2,107 MOSCO STREET::21 MOTT STREET"
1,00164,0046,1001822,"19,19B (MOTT STREET)"
1,00164,0047,1079262,"17,17A (MOTT STREET)"
1,00164,0047,1079263,17 REAR (MOTT STREET)
1,00164,0048,1079264,"15,15 FRONT (MOTT STREET)"
1,00164,0048,1079265,15 REAR (MOTT STREET)
1,00164,0049,1077153,13 (MOTT STREET)
1,00164,0049,1077154,13 REAR (MOTT STREET)
1,00164,0050,1001823,11 (MOTT STREET)
1,00164,0051,1001824,7 - 9 (MOTT STREET)
1,00164,0053,1001825,5 MOTT STREET::199 WORTH STREET
1,00164,0054,1081979,3 MOTT STREET::201 WORTH STREET
1,00164,0054,1081983,1 MOTT STREET::205 WORTH STREET
1,00164,0058,1001826,"197,197A (WORTH STREET)"
1,00164,0061,1001827,191 - 195 (WORTH STREET)
1,00164,0062,1077118,20 (MULBERRY STREET)
1,00164,0062,1081975,22 REAR (MULBERRY STREET)
1,00164,0062,1081976,24 REAR (MULBERRY STREET)
1,00164,0062,1083280,22 (MULBERRY STREET)
1,00164,0062,1083714,24 (MULBERRY STREET)
1,00164,0065,1077208,26 (MULBERRY STREET)
1,00164,0066,1001829,101 MOSCO STREET::28 MULBERRY STREET
1,00165,0001,1079268,95 BAYARD STREET::59 - 61 MULBERRY STREET::COLUMBUS PK COMFORT STATION    2
1,00165,0001,1079269,21 - 57 MULBERRY STREET::BAXTER STREET::COLUMBUS PK COMFORT STATION    1
1,00166,0027,1001830,"38 - 46 BAXTER STREET::76 - 90 CENTRE STREET::1,10 HOGAN PLACE::140 - 168 LEONARD STREET::141 - 155 WORTH STREET"
1,00167,0001,1079000,60 BAXTER STREET::92 - 100 CENTRE STREET::155 - 157 LEONARD STREET::HOGAN PLACE
1,00167,0001,1088394,62 BAXTER STREET::102 - 130 CENTRE STREET::115 - 133 WHITE STREET
1,00167,0001,1795015,(MN DETENTION COMPLEX SOUTH SKYWY)
1,00168,0032,1001831,"75 - 91 CENTRE STREET::41 - 47,49 - 51 LAFAYETTE STREET::124 - 136 LEONARD STREET::119 - 133 WORTH STREET"
1,00169,0001,1001832,93 - 109 CENTRE STREET::123 - 137 HOGAN PLACE::53 - 67 LAFAYETTE STREET
1,00169,0010,1001833,111 - 131 CENTRE STREET::71 - 83 LAFAYETTE STREET::101 - 113 WHITE STREET
1,00170,0001,1085786,336 - 344 BROADWAY::19 - 25 CATHERINE LANE::95 - 97 WORTH STREET
1,00170,0020,1086161,1 - 13 CATHERINE LANE::40 - 44 LAFAYETTE STREET::99 - 117 WORTH STREET
1,00170,1001,1001835,346 - 348 BROADWAY::46 - 50 LAFAYETTE STREET::108 - 118 LEONARD STREET::CATHERINE LANE
1,00171,0005,1001840,358 BROADWAY::51 - 59 FRANKLIN STREET::BENSON PLACE
1,00171,0007,1001841,360 - 362 BROADWAY::61 - 65 FRANKLIN STREET
1,00171,0031,1001842,2 - 4 BENSON PLACE::41 - 49 FRANKLIN STREET::52 - 64 LAFAYETTE STREET::109 - 121 LEONARD STREET
1,00171,1001,1001843,10 BENSON PLACE::356 BROADWAY
1,00171,1101,1001839,354 BROADWAY::BENSON PLACE
1,00171,1201,1001838,350 - 352 BROADWAY::101 - 105 LEONARD STREET::BENSON PLACE
1,00172,0001,1001862,364 - 366 BROADWAY::2 CORTLANDT ALLEY::58 FRANKLIN STREET
1,00172,0003,1001863,368 BROADWAY::4 CORTLANDT ALLEY
1,00172,0004,1001864,370 BROADWAY::CORTLANDT ALLEY
1,00172,0013,1001869,83 - 85 (WHITE STREET)
1,00172,0020,1001870,42 - 46 FRANKLIN STREET::76 - 86 LAFAYETTE STREET::87 - 97 WHITE STREET
1,00172,0023,1001871,40 FRANKLIN STREET::70 - 74 LAFAYETTE STREET
1,00172,0030,1001872,54 - 56 FRANKLIN STREET::CORTLANDT STREET
1,00172,1001,1001866,374 - 378 BROADWAY::8 CORTLANDT ALLEY::67 - 75 WHITE STREET
1,00172,1201,1087055,79 - 81 (WHITE STREET)
1,00172,1301,1001867,7 CORTLANDT ALLEY::77 WHITE STREET
1,00172,1401,1088222,50 (FRANKLIN STREET)
1,00172,1601,1001865,372 BROADWAY::6 CORTLANDT ALLEY
1,00173,0002,1001873,83 - 85 (WORTH STREET)
1,00173,0017,1001878,74 - 76 (LEONARD STREET)
1,00173,0027,1087082,341 - 347 BROADWAY::84 - 96 LEONARD STREET
1,00173,0031,1001882,339 (BROADWAY)
1,00173,1001,1001877,235 - 243 CHURCH STREET::66 - 72 LEONARD STREET
1,00173,1101,1001883,"335 BROADWAY::87 - 93,93A,93B WORTH STREET"
1,00173,1201,1079275,229 - 233 CHURCH STREET::65 - 77 WORTH STREET
1,00173,1301,1001874,78 - 82 LEONARD STREET::79 - 81 WORTH STREET
1,00174,0004,1084419,83 (LEONARD STREET)
1,00174,0005,1001886,79 - 81 (LEONARD STREET)
1,00174,0007,1001888,75 (LEONARD STREET)
1,00174,0009,1001889,73 (LEONARD STREET)
1,00174,0010,1001890,71 (LEONARD STREET)
1,00174,0011,1001891,251 CHURCH STREET::69 LEONARD STREET
1,00174,0014,1001893,253 - 255 (CHURCH STREET)
1,00174,0016,1001894,257 CHURCH STREET::97 FRANKLIN STREET
1,00174,0019,1001896,91 (FRANKLIN STREET)
1,00174,0020,1001897,89 (FRANKLIN STREET)
1,00174,0021,1001898,87 (FRANKLIN STREET)
1,00174,0022,1001899,85 (FRANKLIN STREET)
1,00174,0023,1001900,81 - 83 (FRANKLIN STREET)
1,00174,0025,1001901,79 (FRANKLIN STREET)
1,00174,0026,1001902,77 (FRANKLIN STREET)
1,00174,0027,1001903,75 (FRANKLIN STREET)
1,00174,0028,1001904,71 - 73 (FRANKLIN STREET)
1,00174,0033,1001906,359 (BROADWAY)
1,00174,0037,1001910,349 BROADWAY::93 - 99 LEONARD STREET
1,00174,1001,1001911,247 - 249 CHURCH STREET::65 - 67 LEONARD STREET
1,00174,1101,1001885,85 LEONARD STREET::KITCHEN MONTROSE & WILCOX STORE
1,00174,1201,1001895,93 - 95 (FRANKLIN STREET)
1,00174,1301,1001884,87 - 89 (LEONARD STREET)
1,00174,1401,1001905,361 BROADWAY::67 - 69 FRANKLIN STREET
1,00174,1501,1090477,"351,353,355 - 357 BROADWAY::91 LEONARD STREET"
1,00175,0001,1001916,2 - 4 FRANKLIN PLACE::70 - 72 FRANKLIN STREET
1,00175,0002,1001918,74 (FRANKLIN STREET)
1,00175,0003,1001919,76 (FRANKLIN STREET)
1,00175,0004,1001920,78 (FRANKLIN STREET)
1,00175,0005,1001921,80 (FRANKLIN STREET)
1,00175,0006,1001922,82 (FRANKLIN STREET)
1,00175,0007,1001923,84 (FRANKLIN STREET)
1,00175,0013,1001925,273 (CHURCH STREET)
1,00175,0014,1001926,275 (CHURCH STREET)
1,00175,0015,1001927,277 (CHURCH STREET)
1,00175,0016,1001928,279 (CHURCH STREET)
1,00175,0017,1001929,281 CHURCH STREET::35 - 37 WHITE STREET
1,00175,0019,1001931,41 (WHITE STREET)
1,00175,0020,1001932,43 - 45 (WHITE STREET)
1,00175,0022,1001933,47 - 49 (WHITE STREET)
1,00175,0024,1001934,51 - 53 (WHITE STREET)
1,00175,0029,1001936,373 - 375 BROADWAY::9 FRANKLIN PLACE
1,00175,0033,1001939,365 - 367 BROADWAY::1 FRANKLIN PLACE::62 - 68 FRANKLIN STREET
1,00175,1001,1001940,377 - 379 BROADWAY::59 - 63 WHITE STREET::FRANKLIN STREET
1,00175,1101,1001930,39 (WHITE STREET)
1,00175,1201,1001935,55 - 57 WHITE STREET::FRANKLIN PLACE
1,00175,1301,1001924,271 CHURCH STREET::90 - 94 FRANKLIN STREET
1,00175,1401,1084762,86 - 88 (FRANKLIN STREET)
1,00175,1501,1001937,"369,371 BROADWAY::3 - 5 FRANKLIN PLACE"
1,00176,0001,1001957,230 - 234 CHURCH STREET::57 - 61 WORTH STREET
1,00176,0004,1001958,53 - 55 (WORTH STREET)
1,00176,0004,1001959,47 - 49 (WORTH STREET)
1,00176,0010,1001960,41 (WORTH STREET)
1,00176,0010,1001961,39 (WORTH STREET)
1,00176,0012,1001962,35 - 37 (WORTH STREET)
1,00176,0013,1001963,171 - 173 WEST BROADWAY::33 WORTH STREET
1,00176,0014,1001964,175 (WEST BROADWAY)
1,00176,0016,1001965,177 (WEST BROADWAY)
1,00176,0017,1001966,179 (WEST BROADWAY)
1,00176,0018,1001967,40 - 52 LEONARD STREET::181 - 185 WEST BROADWAY::43 - 45 WORTH STREET
1,00176,1001,1088646,240 - 242 CHURCH STREET::56 - 62 LEONARD STREET
1,00177,0002,1001971,250 CHURCH STREET::99 - 101 FRANKLIN STREET::59 - 63 LEONARD STREET
1,00177,0005,1001972,57 (LEONARD STREET)
1,00177,0013,1001975,115 - 125 FRANKLIN STREET::37 - 49 HOGAN PLACE::47 - 49 LEONARD STREET::191 - 205 WEST BROADWAY
1,00177,0024,1001976,107 - 113 (FRANKLIN STREET)
1,00177,0027,1001977,105 (FRANKLIN STREET)
1,00177,0028,1001978,103 (FRANKLIN STREET)
1,00177,1001,1001974,51 - 53 (LEONARD STREET)
1,00177,1101,1001973,55 (LEONARD STREET)
1,00178,0004,1001979,102 (FRANKLIN STREET)
1,00178,0005,1001980,104 (FRANKLIN STREET)
1,00178,0006,1001981,106 (FRANKLIN STREET)
1,00178,0007,1001982,108 - 110 (FRANKLIN STREET)
1,00178,0010,1001984,114 (FRANKLIN STREET)
1,00178,0011,1001985,116 - 118 (FRANKLIN STREET)
1,00178,0016,1079284,217 - 219 (WEST BROADWAY)
1,00178,0019,1001986,225 - 227 (WEST BROADWAY)
1,00178,0021,1001987,229 WEST BROADWAY::1 WHITE STREET
1,00178,0022,1001988,221 - 223 WEST BROADWAY::3 - 7 WHITE STREET
1,00178,0024,1001989,9 - 11 (WHITE STREET)
1,00178,0025,1001990,13 - 19 (WHITE STREET)
1,00178,1001,1001983,112 (FRANKLIN STREET)
1,00178,1101,1079278,120 - 124 FRANKLIN STREET::211 - 215 WEST BROADWAY
1,00179,0001,1001991,170 - 172 WEST BROADWAY::15 - 25 WORTH STREET
1,00179,0006,1083361,9 (WORTH STREET)
1,00179,0006,1083362,11 (WORTH STREET)
1,00179,0006,1083363,13 (WORTH STREET)
1,00179,0006,1083364,7 (WORTH STREET)
1,00179,0011,1001993,1 - 3 (WORTH STREET)
1,00179,0017,1001994,84 - 94 HUDSON STREET::2 - 8 LEONARD STREET
1,00179,0021,1001995,10 - 12 (LEONARD STREET)
1,00179,0032,1002002,34 LEONARD STREET::176 - 186 WEST BROADWAY
1,00179,0042,1079304,"33 LEONARD STREET::190,192 - 194 WEST BROADWAY::FINN SQUARE"
1,00179,0043,1002003,31 LEONARD STREET::FINN SQUARE
1,00179,0044,1002004,29 (LEONARD STREET)
1,00179,0047,1002007,23 (LEONARD STREET)
1,00179,0050,1002009,17 (LEONARD STREET)
1,00179,0056,1002012,161 - 165 FRANKLIN STREET::96 - 100 HUDSON STREET::1 - 5 LEONARD STREET
1,00179,0060,1002014,153 (FRANKLIN STREET)
1,00179,0061,1002015,149 - 151 (FRANKLIN STREET)
1,00179,0063,1002016,143 - 147 (FRANKLIN STREET)
1,00179,0066,1002017,139 - 141 (FRANKLIN STREET)
1,00179,0068,1002018,200 - 210 FINN SQUARE::131 - 137 FRANKLIN STREET::200 - 204 WEST BROADWAY
1,00179,0073,1002019,"196,198 (WEST BROADWAY)"
1,00179,1001,1002006,25 (LEONARD STREET)
1,00179,1051,1002008,19 - 21 (LEONARD STREET)
1,00179,1101,1002013,155 - 159 FRANKLIN STREET::7 - 9 LEONARD STREET
1,00179,1201,1001992,5 (WORTH STREET)
1,00179,1301,1001998,"14 - 16,18,20,22 (LEONARD STREET)"
1,00179,1401,1002005,27 (LEONARD STREET)
1,00179,1501,1089431,11 - 15 (LEONARD STREET)
1,00179,1601,1085460,24 - 30 (LEONARD STREET)
1,00180,0004,1002020,73 HUDSON STREET::STAPLE STREET
